-- phpMyAdmin SQL Dump
-- version 4.1.6
-- http://www.phpmyadmin.net
--
-- Host: 127.0.0.1
-- Generation Time: Dec 31, 2016 at 01:19 PM
-- Server version: 5.6.16
-- PHP Version: 5.5.9

SET SQL_MODE = "NO_AUTO_VALUE_ON_ZERO";
SET time_zone = "+00:00";


/*!40101 SET @OLD_CHARACTER_SET_CLIENT=@@CHARACTER_SET_CLIENT */;
/*!40101 SET @OLD_CHARACTER_SET_RESULTS=@@CHARACTER_SET_RESULTS */;
/*!40101 SET @OLD_COLLATION_CONNECTION=@@COLLATION_CONNECTION */;
/*!40101 SET NAMES utf8 */;

--
-- Database: `db_ujian`
--

-- --------------------------------------------------------

--
-- Table structure for table `admin`
--

CREATE TABLE IF NOT EXISTS `admin` (
  `id` int(10) NOT NULL AUTO_INCREMENT,
  `nama` varchar(100) NOT NULL,
  `username` varchar(100) NOT NULL,
  `password` varchar(100) NOT NULL,
  PRIMARY KEY (`id`)
) ENGINE=MyISAM  DEFAULT CHARSET=latin1 AUTO_INCREMENT=9 ;

--
-- Dumping data for table `admin`
--

INSERT INTO `admin` (`id`, `nama`, `username`, `password`) VALUES
(7, 'admin123', 'admin', '21232f297a57a5a743894a0e4a801fc3');

-- --------------------------------------------------------

--
-- Table structure for table `bank_soal`
--

CREATE TABLE IF NOT EXISTS `bank_soal` (
  `id` int(100) NOT NULL AUTO_INCREMENT,
  `id_guru` int(10) NOT NULL,
  `id_ujian` int(10) NOT NULL,
  `pertanyaan` varchar(1000) NOT NULL,
  `a` varchar(1000) NOT NULL,
  `b` varchar(1000) NOT NULL,
  `c` varchar(1000) NOT NULL,
  `d` varchar(1000) NOT NULL,
  `e` varchar(1000) NOT NULL,
  `banyak_pilihan` varchar(10) NOT NULL,
  `jenis_pilihan` varchar(100) NOT NULL,
  `jawaban_benar` varchar(10) NOT NULL,
  PRIMARY KEY (`id`)
) ENGINE=MyISAM  DEFAULT CHARSET=latin1 AUTO_INCREMENT=91 ;

--
-- Dumping data for table `bank_soal`
--

INSERT INTO `bank_soal` (`id`, `id_guru`, `id_ujian`, `pertanyaan`, `a`, `b`, `c`, `d`, `e`, `banyak_pilihan`, `jenis_pilihan`, `jawaban_benar`) VALUES
(65, 0, 19, 'Cut of the ball', 'sdf', 'sdf', 'sfd', '', '', '3', 'text', 'A'),
(66, 0, 19, 'sdfaaaaaaaaaaaaaaaa', 'a', 's', 's', '', '', '3', 'text', 'A'),
(67, 0, 19, 'sdf', 's', 'asf', 's', '', '', '3', 'text', 'A'),
(68, 0, 19, 'asf', 'sdf', 'sdf', 'sf', '', '', '3', 'text', 'A'),
(69, 0, 19, 'sdf', 'gh', 'h', 'hd', '', '', '3', 'text', 'A'),
(70, 0, 19, 'sdf', 'sfd', 'sdf', 'f', '', '', '3', 'text', 'A'),
(71, 0, 19, 'f', 'as', 'a', 'a', '', '', '3', 'text', 'A'),
(72, 0, 19, 'asdf', 'sdf', 'sdf', 'sdf', '', '', '3', 'text', 'A'),
(73, 0, 19, 'sdf', 'asdf', 'sdf', 'sfd', '', '', '3', 'text', 'A'),
(88, 0, 27, 'aaaaaaaaaaaaaaaaaaaaaaa', 'a', 'a', 'a', '', '', '3', 'text', 'A'),
(89, 0, 19, '<b>asdas</b>', 'aa', 'ss', 'ss', '', '', '3', 'text', 'A'),
(90, 0, 19, '&lt;b&gt;&lt;i&gt;&lt;u&gt;wwdqwdqw&lt;/u&gt;&lt;/i&gt;&lt;/b&gt;', 'sadsad', 'sd', 'dd', '', '', '3', 'text', 'A'),
(77, 0, 25, 'sdf', 'sfd', 'df', 'sdf', '', '', '3', 'text', 'A'),
(78, 0, 19, 'sef', 'g', 'gs', 's', '', '', '3', 'text', 'A'),
(79, 0, 25, 'sdf', 'sdf', 'sdf', 'g', '', '', '3', 'text', 'A'),
(80, 0, 25, 'sdf', 'g', 'h', 'h', '', '', '3', 'text', 'A'),
(81, 0, 26, 'sfs', 's', 'sdf', 'f', '', '', '3', 'text', 'A'),
(87, 0, 20, 'sd', 'f', 'h', 'h', '', '', '3', 'text', 'A'),
(85, 0, 27, 'sdffffff', 'fffff', 'ff', 'ff', '', '', '3', 'text', 'A'),
(86, 0, 28, 's', 's', 's', 's', '', '', '3', 'text', 'A'),
(76, 0, 19, 'Cut of the ballCut of the ball', 'sdf', 'fg', 'g', '', '', '3', 'text', 'A');

-- --------------------------------------------------------

--
-- Table structure for table `guru`
--

CREATE TABLE IF NOT EXISTS `guru` (
  `id` int(10) NOT NULL AUTO_INCREMENT,
  `nip` int(100) NOT NULL,
  `nama_guru` varchar(100) NOT NULL,
  `password` varchar(100) NOT NULL,
  PRIMARY KEY (`id`),
  UNIQUE KEY `nama_guru` (`nama_guru`)
) ENGINE=MyISAM  DEFAULT CHARSET=latin1 AUTO_INCREMENT=10 ;

--
-- Dumping data for table `guru`
--

INSERT INTO `guru` (`id`, `nip`, `nama_guru`, `password`) VALUES
(9, 1233, 'Vaansaa123', 'caf1a3dfb505ffed0d024130f58c5cfa');

-- --------------------------------------------------------

--
-- Table structure for table `hasil_jawaban`
--

CREATE TABLE IF NOT EXISTS `hasil_jawaban` (
  `id` int(100) NOT NULL AUTO_INCREMENT,
  `id_siswa` int(100) NOT NULL,
  `id_ujian` int(100) NOT NULL,
  `id_soal` int(100) NOT NULL,
  `pilihan_jawaban` varchar(100) NOT NULL,
  `nomor` int(10) NOT NULL,
  `keterangan` varchar(50) NOT NULL,
  PRIMARY KEY (`id`)
) ENGINE=MyISAM  DEFAULT CHARSET=latin1 AUTO_INCREMENT=432 ;

--
-- Dumping data for table `hasil_jawaban`
--

INSERT INTO `hasil_jawaban` (`id`, `id_siswa`, `id_ujian`, `id_soal`, `pilihan_jawaban`, `nomor`, `keterangan`) VALUES
(325, 18, 19, 67, 'A', 5, 'b'),
(321, 18, 19, 71, 'A', 1, 'b'),
(320, 22, 19, 65, 'A', 2, 'b'),
(319, 22, 19, 64, 'A', 1, 'b'),
(318, 21, 19, 64, 'A', 2, 'b'),
(317, 21, 19, 65, 'B', 1, 's'),
(316, 20, 19, 64, 'A', 2, 'b'),
(315, 20, 19, 65, 'A', 1, 'b'),
(360, 18, 25, 80, 'A', 1, 'b'),
(322, 18, 19, 72, 'A', 2, 'b'),
(323, 18, 19, 68, 'A', 3, 'b'),
(324, 18, 19, 70, 'A', 4, 'b'),
(329, 18, 19, 65, 'A', 9, 'b'),
(328, 18, 19, 66, 'A', 8, 'b'),
(327, 18, 19, 64, 'A', 7, 'b'),
(326, 18, 19, 69, 'A', 6, 'b'),
(330, 17, 19, 70, 'A', 1, 'b'),
(331, 17, 19, 67, 'A', 2, 'b'),
(332, 17, 19, 66, 'A', 3, 'b'),
(333, 17, 19, 65, 'A', 4, 'b'),
(334, 17, 19, 72, 'A', 5, 'b'),
(335, 17, 19, 68, 'A', 6, 'b'),
(336, 17, 19, 71, 'A', 7, 'b'),
(337, 17, 19, 73, 'A', 8, 'b'),
(338, 17, 19, 64, 'A', 9, 'b'),
(339, 17, 19, 69, 'A', 10, 'b'),
(340, 23, 19, 68, 'A', 1, 'b'),
(341, 23, 19, 67, 'A', 2, 'b'),
(342, 23, 19, 74, 'A', 3, 'b'),
(343, 23, 19, 71, 'A', 4, 'b'),
(344, 23, 19, 73, 'A', 5, 'b'),
(345, 23, 19, 75, 'A', 6, 'b'),
(346, 23, 19, 70, 'A', 7, 'b'),
(347, 23, 19, 65, 'A', 8, 'b'),
(348, 23, 19, 64, 'A', 9, 'b'),
(349, 23, 19, 66, 'A', 10, 'b'),
(350, 24, 19, 65, 'A', 1, 'b'),
(351, 24, 19, 66, '', 2, '-'),
(352, 24, 19, 67, '', 3, '-'),
(353, 24, 19, 73, '', 4, '-'),
(354, 24, 19, 70, '', 5, '-'),
(355, 24, 19, 71, '', 6, '-'),
(356, 24, 19, 74, '', 7, '-'),
(357, 24, 19, 76, '', 8, '-'),
(358, 24, 19, 69, '', 9, '-'),
(359, 24, 19, 68, '', 10, '-'),
(361, 18, 25, 77, 'A', 2, 'b'),
(362, 18, 25, 79, 'A', 3, 'b'),
(363, 25, 25, 80, 'A', 1, 'b'),
(364, 25, 25, 79, 'A', 2, 'b'),
(365, 25, 25, 77, 'A', 3, 'b'),
(366, 25, 27, 85, 'A', 1, 'b'),
(367, 25, 20, 87, 'A', 1, 'b'),
(368, 25, 19, 68, 'A', 1, 'b'),
(369, 25, 19, 67, 'A', 2, 'b'),
(370, 25, 19, 72, 'A', 3, 'b'),
(371, 25, 19, 70, 'A', 4, 'b'),
(372, 25, 19, 78, 'A', 5, 'b'),
(373, 25, 19, 73, 'A', 6, 'b'),
(374, 25, 19, 71, 'A', 7, 'b'),
(375, 25, 19, 76, 'A', 8, 'b'),
(376, 25, 19, 65, 'A', 9, 'b'),
(377, 25, 19, 69, 'A', 10, 'b'),
(378, 25, 28, 86, 'A', 1, 'b'),
(379, 25, 26, 81, 'A', 1, 'b'),
(380, 17, 25, 77, 'A', 1, 'b'),
(381, 17, 25, 79, 'A', 2, 'b'),
(382, 17, 25, 80, 'A', 3, 'b'),
(383, 17, 28, 86, 'A', 1, 'b'),
(384, 17, 26, 81, 'A', 1, 'b'),
(385, 17, 27, 85, 'A', 1, 'b'),
(386, 17, 20, 87, 'A', 1, 'b'),
(387, 26, 27, 85, '', 1, '-'),
(388, 26, 27, 88, '', 2, '-'),
(389, 26, 28, 86, '', 1, '-'),
(390, 26, 25, 80, 'A', 1, 'b'),
(391, 26, 25, 77, '', 2, '-'),
(392, 26, 25, 79, '', 3, '-'),
(393, 17, 19, 65, 'A', 1, 'b'),
(394, 17, 19, 73, 'A', 2, 'b'),
(395, 17, 19, 76, 'A', 3, 'b'),
(396, 17, 19, 68, 'A', 4, 'b'),
(397, 17, 19, 69, 'A', 5, 'b'),
(398, 17, 19, 67, 'A', 6, 'b'),
(399, 17, 19, 78, 'C', 7, 's'),
(400, 17, 19, 70, 'C', 8, 's'),
(401, 17, 19, 71, 'C', 9, 's'),
(402, 17, 19, 66, 'C', 10, 's'),
(403, 26, 19, 69, 'A', 1, 'b'),
(404, 26, 19, 70, 'A', 2, 'b'),
(405, 26, 19, 66, 'A', 3, 'b'),
(406, 26, 19, 72, 'A', 4, 'b'),
(407, 26, 19, 73, 'A', 5, 'b'),
(408, 26, 19, 78, 'A', 6, 'b'),
(409, 26, 19, 71, 'A', 7, 'b'),
(410, 26, 19, 76, 'A', 8, 'b'),
(411, 26, 19, 68, 'A', 9, 'b'),
(412, 26, 19, 67, 'C', 10, 's'),
(413, 17, 19, 69, 'A', 1, 'b'),
(414, 17, 19, 65, 'A', 2, 'b'),
(415, 17, 19, 90, 'A', 3, 'b'),
(416, 17, 19, 89, 'A', 4, 'b'),
(417, 17, 19, 78, 'B', 5, 's'),
(418, 17, 19, 70, 'A', 6, 'b'),
(419, 17, 19, 76, 'A', 7, 'b'),
(420, 17, 19, 66, 'A', 8, 'b'),
(421, 17, 19, 73, 'A', 9, 'b'),
(422, 17, 19, 68, 'A', 10, 'b'),
(423, 26, 20, 87, 'B', 1, 's'),
(424, 26, 26, 81, 'A', 1, 'b'),
(425, 21, 20, 87, 'A', 1, 'b'),
(426, 21, 27, 85, 'A', 1, 'b'),
(427, 21, 27, 88, 'A', 2, 'b'),
(428, 21, 28, 86, 'A', 1, 'b'),
(429, 21, 25, 79, 'A', 1, 'b'),
(430, 21, 25, 80, 'A', 2, 'b'),
(431, 21, 25, 77, 'A', 3, 'b');

-- --------------------------------------------------------

--
-- Table structure for table `hasil_ujian`
--

CREATE TABLE IF NOT EXISTS `hasil_ujian` (
  `id` int(100) NOT NULL AUTO_INCREMENT,
  `id_ujian` int(10) NOT NULL,
  `id_siswa` int(10) NOT NULL,
  `benar` varchar(100) NOT NULL,
  `salah` varchar(100) NOT NULL,
  `kosong` varchar(100) NOT NULL,
  `skor` varchar(100) NOT NULL,
  `status` varchar(100) NOT NULL,
  `tgl` varchar(100) NOT NULL,
  PRIMARY KEY (`id`)
) ENGINE=MyISAM  DEFAULT CHARSET=latin1 AUTO_INCREMENT=2418 ;

--
-- Dumping data for table `hasil_ujian`
--

INSERT INTO `hasil_ujian` (`id`, `id_ujian`, `id_siswa`, `benar`, `salah`, `kosong`, `skor`, `status`, `tgl`) VALUES
(79, 25, 17, '3', '0', '0', '30', 'TIDAK_LULUS', '2016-12-19'),
(63, 19, 20, '2', '0', '0', '20', 'TIDAK_LULUS', '2016-12-14'),
(64, 19, 21, '1', '1', '0', '10', 'TIDAK_LULUS', '2016-12-14'),
(78, 26, 25, '1', '0', '0', '10', 'TIDAK_LULUS', '2016-12-19'),
(74, 27, 25, '1', '0', '0', '10', 'TIDAK_LULUS', '2016-12-19'),
(75, 20, 25, '1', '0', '0', '10', 'TIDAK_LULUS', '2016-12-14'),
(76, 19, 25, '10', '0', '0', '100', 'LULUS', '2016-12-14'),
(77, 28, 25, '1', '0', '0', '10', 'TIDAK_LULUS', '2016-12-19'),
(65, 19, 22, '2', '0', '0', '20', 'TIDAK_LULUS', '2016-12-14'),
(66, 19, 18, '9', '0', '0', '90', 'LULUS', '2016-12-14'),
(92, 20, 26, '0', '1', '0', '0', 'TIDAK_LULUS', '2016-12-14'),
(72, 25, 18, '3', '0', '0', '30', 'TIDAK_LULUS', '2016-12-19'),
(73, 25, 25, '3', '0', '0', '30', 'TIDAK_LULUS', '2016-12-19'),
(70, 19, 23, '10', '0', '0', '100', 'LULUS', '2016-12-14'),
(71, 19, 24, '1', '0', '9', '10', 'TIDAK_LULUS', '2016-12-14'),
(81, 28, 17, '1', '0', '0', '10', 'TIDAK_LULUS', '2016-12-19'),
(82, 26, 17, '1', '0', '0', '10', 'TIDAK_LULUS', '2016-12-19'),
(83, 27, 17, '1', '0', '0', '10', 'TIDAK_LULUS', '2016-12-19'),
(84, 20, 17, '1', '0', '0', '10', 'TIDAK_LULUS', '2016-12-14'),
(85, 27, 26, '0', '0', '2', '0', 'TIDAK_LULUS', '2016-12-19'),
(87, 28, 26, '0', '0', '1', '0', 'TIDAK_LULUS', '2016-12-19'),
(88, 25, 26, '1', '0', '2', '10', 'TIDAK_LULUS', '2016-12-19'),
(91, 19, 17, '9', '1', '0', '90', 'LULUS', '2016-12-14'),
(90, 19, 26, '9', '1', '0', '90', 'LULUS', '2016-12-14'),
(93, 26, 26, '1', '0', '0', '10', 'TIDAK_LULUS', '2016-12-19'),
(94, 20, 21, '1', '0', '0', '10', 'TIDAK_LULUS', '2016-12-14'),
(95, 0, 21, '0', '0', '0', '0', 'LULUS', ''),
(96, 0, 21, '0', '0', '0', '0', 'LULUS', ''),
(97, 0, 21, '0', '0', '0', '0', 'LULUS', ''),
(98, 0, 21, '0', '0', '0', '0', 'LULUS', ''),
(99, 0, 21, '0', '0', '0', '0', 'LULUS', ''),
(100, 0, 21, '0', '0', '0', '0', 'LULUS', ''),
(101, 0, 21, '0', '0', '0', '0', 'LULUS', ''),
(102, 0, 21, '0', '0', '0', '0', 'LULUS', ''),
(103, 0, 21, '0', '0', '0', '0', 'LULUS', ''),
(104, 0, 21, '0', '0', '0', '0', 'LULUS', ''),
(105, 0, 21, '0', '0', '0', '0', 'LULUS', ''),
(106, 0, 21, '0', '0', '0', '0', 'LULUS', ''),
(107, 0, 21, '0', '0', '0', '0', 'LULUS', ''),
(108, 0, 21, '0', '0', '0', '0', 'LULUS', ''),
(109, 0, 21, '0', '0', '0', '0', 'LULUS', ''),
(110, 0, 21, '0', '0', '0', '0', 'LULUS', ''),
(111, 0, 21, '0', '0', '0', '0', 'LULUS', ''),
(112, 0, 21, '0', '0', '0', '0', 'LULUS', ''),
(113, 0, 21, '0', '0', '0', '0', 'LULUS', ''),
(114, 0, 21, '0', '0', '0', '0', 'LULUS', ''),
(115, 0, 21, '0', '0', '0', '0', 'LULUS', ''),
(116, 0, 21, '0', '0', '0', '0', 'LULUS', ''),
(117, 0, 21, '0', '0', '0', '0', 'LULUS', ''),
(118, 0, 21, '0', '0', '0', '0', 'LULUS', ''),
(119, 0, 21, '0', '0', '0', '0', 'LULUS', ''),
(120, 0, 21, '0', '0', '0', '0', 'LULUS', ''),
(121, 0, 21, '0', '0', '0', '0', 'LULUS', ''),
(122, 0, 21, '0', '0', '0', '0', 'LULUS', ''),
(123, 0, 21, '0', '0', '0', '0', 'LULUS', ''),
(124, 0, 21, '0', '0', '0', '0', 'LULUS', ''),
(125, 0, 21, '0', '0', '0', '0', 'LULUS', ''),
(126, 0, 21, '0', '0', '0', '0', 'LULUS', ''),
(127, 0, 21, '0', '0', '0', '0', 'LULUS', ''),
(128, 0, 21, '0', '0', '0', '0', 'LULUS', ''),
(129, 0, 21, '0', '0', '0', '0', 'LULUS', ''),
(130, 0, 21, '0', '0', '0', '0', 'LULUS', ''),
(131, 0, 21, '0', '0', '0', '0', 'LULUS', ''),
(132, 0, 21, '0', '0', '0', '0', 'LULUS', ''),
(133, 0, 21, '0', '0', '0', '0', 'LULUS', ''),
(134, 0, 21, '0', '0', '0', '0', 'LULUS', ''),
(135, 0, 21, '0', '0', '0', '0', 'LULUS', ''),
(136, 0, 21, '0', '0', '0', '0', 'LULUS', ''),
(137, 0, 21, '0', '0', '0', '0', 'LULUS', ''),
(138, 0, 21, '0', '0', '0', '0', 'LULUS', ''),
(139, 0, 21, '0', '0', '0', '0', 'LULUS', ''),
(140, 0, 21, '0', '0', '0', '0', 'LULUS', ''),
(141, 0, 21, '0', '0', '0', '0', 'LULUS', ''),
(142, 0, 21, '0', '0', '0', '0', 'LULUS', ''),
(143, 0, 21, '0', '0', '0', '0', 'LULUS', ''),
(144, 0, 21, '0', '0', '0', '0', 'LULUS', ''),
(145, 0, 21, '0', '0', '0', '0', 'LULUS', ''),
(146, 0, 21, '0', '0', '0', '0', 'LULUS', ''),
(147, 0, 21, '0', '0', '0', '0', 'LULUS', ''),
(148, 0, 21, '0', '0', '0', '0', 'LULUS', ''),
(149, 0, 21, '0', '0', '0', '0', 'LULUS', ''),
(150, 0, 21, '0', '0', '0', '0', 'LULUS', ''),
(151, 0, 21, '0', '0', '0', '0', 'LULUS', ''),
(152, 0, 21, '0', '0', '0', '0', 'LULUS', ''),
(153, 0, 21, '0', '0', '0', '0', 'LULUS', ''),
(154, 0, 21, '0', '0', '0', '0', 'LULUS', ''),
(155, 0, 21, '0', '0', '0', '0', 'LULUS', ''),
(156, 0, 21, '0', '0', '0', '0', 'LULUS', ''),
(157, 0, 21, '0', '0', '0', '0', 'LULUS', ''),
(158, 0, 21, '0', '0', '0', '0', 'LULUS', ''),
(159, 0, 21, '0', '0', '0', '0', 'LULUS', ''),
(160, 0, 21, '0', '0', '0', '0', 'LULUS', ''),
(161, 0, 21, '0', '0', '0', '0', 'LULUS', ''),
(162, 0, 21, '0', '0', '0', '0', 'LULUS', ''),
(163, 0, 21, '0', '0', '0', '0', 'LULUS', ''),
(164, 0, 21, '0', '0', '0', '0', 'LULUS', ''),
(165, 0, 21, '0', '0', '0', '0', 'LULUS', ''),
(166, 0, 21, '0', '0', '0', '0', 'LULUS', ''),
(167, 0, 21, '0', '0', '0', '0', 'LULUS', ''),
(168, 0, 21, '0', '0', '0', '0', 'LULUS', ''),
(169, 0, 21, '0', '0', '0', '0', 'LULUS', ''),
(170, 0, 21, '0', '0', '0', '0', 'LULUS', ''),
(171, 0, 21, '0', '0', '0', '0', 'LULUS', ''),
(172, 0, 21, '0', '0', '0', '0', 'LULUS', ''),
(173, 0, 21, '0', '0', '0', '0', 'LULUS', ''),
(174, 0, 21, '0', '0', '0', '0', 'LULUS', ''),
(175, 0, 21, '0', '0', '0', '0', 'LULUS', ''),
(176, 0, 21, '0', '0', '0', '0', 'LULUS', ''),
(177, 0, 21, '0', '0', '0', '0', 'LULUS', ''),
(178, 0, 21, '0', '0', '0', '0', 'LULUS', ''),
(179, 0, 21, '0', '0', '0', '0', 'LULUS', ''),
(180, 0, 21, '0', '0', '0', '0', 'LULUS', ''),
(181, 0, 21, '0', '0', '0', '0', 'LULUS', ''),
(182, 0, 21, '0', '0', '0', '0', 'LULUS', ''),
(183, 0, 21, '0', '0', '0', '0', 'LULUS', ''),
(184, 0, 21, '0', '0', '0', '0', 'LULUS', ''),
(185, 0, 21, '0', '0', '0', '0', 'LULUS', ''),
(186, 0, 21, '0', '0', '0', '0', 'LULUS', ''),
(187, 0, 21, '0', '0', '0', '0', 'LULUS', ''),
(188, 0, 21, '0', '0', '0', '0', 'LULUS', ''),
(189, 0, 21, '0', '0', '0', '0', 'LULUS', ''),
(190, 0, 21, '0', '0', '0', '0', 'LULUS', ''),
(191, 0, 21, '0', '0', '0', '0', 'LULUS', ''),
(192, 0, 21, '0', '0', '0', '0', 'LULUS', ''),
(193, 0, 21, '0', '0', '0', '0', 'LULUS', ''),
(194, 0, 21, '0', '0', '0', '0', 'LULUS', ''),
(195, 0, 21, '0', '0', '0', '0', 'LULUS', ''),
(196, 0, 21, '0', '0', '0', '0', 'LULUS', ''),
(197, 0, 21, '0', '0', '0', '0', 'LULUS', ''),
(198, 0, 21, '0', '0', '0', '0', 'LULUS', ''),
(199, 0, 21, '0', '0', '0', '0', 'LULUS', ''),
(200, 0, 21, '0', '0', '0', '0', 'LULUS', ''),
(201, 0, 21, '0', '0', '0', '0', 'LULUS', ''),
(202, 0, 21, '0', '0', '0', '0', 'LULUS', ''),
(203, 0, 21, '0', '0', '0', '0', 'LULUS', ''),
(204, 0, 21, '0', '0', '0', '0', 'LULUS', ''),
(205, 0, 21, '0', '0', '0', '0', 'LULUS', ''),
(206, 0, 21, '0', '0', '0', '0', 'LULUS', ''),
(207, 0, 21, '0', '0', '0', '0', 'LULUS', ''),
(208, 0, 21, '0', '0', '0', '0', 'LULUS', ''),
(209, 0, 21, '0', '0', '0', '0', 'LULUS', ''),
(210, 0, 21, '0', '0', '0', '0', 'LULUS', ''),
(211, 0, 21, '0', '0', '0', '0', 'LULUS', ''),
(212, 0, 21, '0', '0', '0', '0', 'LULUS', ''),
(213, 0, 21, '0', '0', '0', '0', 'LULUS', ''),
(214, 0, 21, '0', '0', '0', '0', 'LULUS', ''),
(215, 0, 21, '0', '0', '0', '0', 'LULUS', ''),
(216, 0, 21, '0', '0', '0', '0', 'LULUS', ''),
(217, 0, 21, '0', '0', '0', '0', 'LULUS', ''),
(218, 0, 21, '0', '0', '0', '0', 'LULUS', ''),
(219, 0, 21, '0', '0', '0', '0', 'LULUS', ''),
(220, 0, 21, '0', '0', '0', '0', 'LULUS', ''),
(221, 0, 21, '0', '0', '0', '0', 'LULUS', ''),
(222, 0, 21, '0', '0', '0', '0', 'LULUS', ''),
(223, 0, 21, '0', '0', '0', '0', 'LULUS', ''),
(224, 0, 21, '0', '0', '0', '0', 'LULUS', ''),
(225, 0, 21, '0', '0', '0', '0', 'LULUS', ''),
(226, 0, 21, '0', '0', '0', '0', 'LULUS', ''),
(227, 0, 21, '0', '0', '0', '0', 'LULUS', ''),
(228, 0, 21, '0', '0', '0', '0', 'LULUS', ''),
(229, 0, 21, '0', '0', '0', '0', 'LULUS', ''),
(230, 0, 21, '0', '0', '0', '0', 'LULUS', ''),
(231, 0, 21, '0', '0', '0', '0', 'LULUS', ''),
(232, 0, 21, '0', '0', '0', '0', 'LULUS', ''),
(233, 0, 21, '0', '0', '0', '0', 'LULUS', ''),
(234, 0, 21, '0', '0', '0', '0', 'LULUS', ''),
(235, 0, 21, '0', '0', '0', '0', 'LULUS', ''),
(236, 0, 21, '0', '0', '0', '0', 'LULUS', ''),
(237, 0, 21, '0', '0', '0', '0', 'LULUS', ''),
(238, 0, 21, '0', '0', '0', '0', 'LULUS', ''),
(239, 0, 21, '0', '0', '0', '0', 'LULUS', ''),
(240, 0, 21, '0', '0', '0', '0', 'LULUS', ''),
(241, 0, 21, '0', '0', '0', '0', 'LULUS', ''),
(242, 0, 21, '0', '0', '0', '0', 'LULUS', ''),
(243, 0, 21, '0', '0', '0', '0', 'LULUS', ''),
(244, 0, 21, '0', '0', '0', '0', 'LULUS', ''),
(245, 0, 21, '0', '0', '0', '0', 'LULUS', ''),
(246, 0, 21, '0', '0', '0', '0', 'LULUS', ''),
(247, 0, 21, '0', '0', '0', '0', 'LULUS', ''),
(248, 0, 21, '0', '0', '0', '0', 'LULUS', ''),
(249, 0, 21, '0', '0', '0', '0', 'LULUS', ''),
(250, 0, 21, '0', '0', '0', '0', 'LULUS', ''),
(251, 0, 21, '0', '0', '0', '0', 'LULUS', ''),
(252, 0, 21, '0', '0', '0', '0', 'LULUS', ''),
(253, 0, 21, '0', '0', '0', '0', 'LULUS', ''),
(254, 0, 21, '0', '0', '0', '0', 'LULUS', ''),
(255, 0, 21, '0', '0', '0', '0', 'LULUS', ''),
(256, 0, 21, '0', '0', '0', '0', 'LULUS', ''),
(257, 0, 21, '0', '0', '0', '0', 'LULUS', ''),
(258, 0, 21, '0', '0', '0', '0', 'LULUS', ''),
(259, 0, 21, '0', '0', '0', '0', 'LULUS', ''),
(260, 0, 21, '0', '0', '0', '0', 'LULUS', ''),
(261, 0, 21, '0', '0', '0', '0', 'LULUS', ''),
(262, 0, 21, '0', '0', '0', '0', 'LULUS', ''),
(263, 0, 21, '0', '0', '0', '0', 'LULUS', ''),
(264, 0, 21, '0', '0', '0', '0', 'LULUS', ''),
(265, 0, 21, '0', '0', '0', '0', 'LULUS', ''),
(266, 0, 21, '0', '0', '0', '0', 'LULUS', ''),
(267, 0, 21, '0', '0', '0', '0', 'LULUS', ''),
(268, 0, 21, '0', '0', '0', '0', 'LULUS', ''),
(269, 0, 21, '0', '0', '0', '0', 'LULUS', ''),
(270, 0, 21, '0', '0', '0', '0', 'LULUS', ''),
(271, 0, 21, '0', '0', '0', '0', 'LULUS', ''),
(272, 0, 21, '0', '0', '0', '0', 'LULUS', ''),
(273, 0, 21, '0', '0', '0', '0', 'LULUS', ''),
(274, 0, 21, '0', '0', '0', '0', 'LULUS', ''),
(275, 0, 21, '0', '0', '0', '0', 'LULUS', ''),
(276, 0, 21, '0', '0', '0', '0', 'LULUS', ''),
(277, 0, 21, '0', '0', '0', '0', 'LULUS', ''),
(278, 0, 21, '0', '0', '0', '0', 'LULUS', ''),
(279, 0, 21, '0', '0', '0', '0', 'LULUS', ''),
(280, 0, 21, '0', '0', '0', '0', 'LULUS', ''),
(281, 0, 21, '0', '0', '0', '0', 'LULUS', ''),
(282, 0, 21, '0', '0', '0', '0', 'LULUS', ''),
(283, 0, 21, '0', '0', '0', '0', 'LULUS', ''),
(284, 0, 21, '0', '0', '0', '0', 'LULUS', ''),
(285, 0, 21, '0', '0', '0', '0', 'LULUS', ''),
(286, 0, 21, '0', '0', '0', '0', 'LULUS', ''),
(287, 0, 21, '0', '0', '0', '0', 'LULUS', ''),
(288, 0, 21, '0', '0', '0', '0', 'LULUS', ''),
(289, 0, 21, '0', '0', '0', '0', 'LULUS', ''),
(290, 0, 21, '0', '0', '0', '0', 'LULUS', ''),
(291, 0, 21, '0', '0', '0', '0', 'LULUS', ''),
(292, 0, 21, '0', '0', '0', '0', 'LULUS', ''),
(293, 0, 21, '0', '0', '0', '0', 'LULUS', ''),
(294, 0, 21, '0', '0', '0', '0', 'LULUS', ''),
(295, 0, 21, '0', '0', '0', '0', 'LULUS', ''),
(296, 0, 21, '0', '0', '0', '0', 'LULUS', ''),
(297, 0, 21, '0', '0', '0', '0', 'LULUS', ''),
(298, 0, 21, '0', '0', '0', '0', 'LULUS', ''),
(299, 0, 21, '0', '0', '0', '0', 'LULUS', ''),
(300, 0, 21, '0', '0', '0', '0', 'LULUS', ''),
(301, 0, 21, '0', '0', '0', '0', 'LULUS', ''),
(302, 0, 21, '0', '0', '0', '0', 'LULUS', ''),
(303, 0, 21, '0', '0', '0', '0', 'LULUS', ''),
(304, 0, 21, '0', '0', '0', '0', 'LULUS', ''),
(305, 0, 21, '0', '0', '0', '0', 'LULUS', ''),
(306, 0, 21, '0', '0', '0', '0', 'LULUS', ''),
(307, 0, 21, '0', '0', '0', '0', 'LULUS', ''),
(308, 0, 21, '0', '0', '0', '0', 'LULUS', ''),
(309, 0, 21, '0', '0', '0', '0', 'LULUS', ''),
(310, 0, 21, '0', '0', '0', '0', 'LULUS', ''),
(311, 0, 21, '0', '0', '0', '0', 'LULUS', ''),
(312, 0, 21, '0', '0', '0', '0', 'LULUS', ''),
(313, 0, 21, '0', '0', '0', '0', 'LULUS', ''),
(314, 0, 21, '0', '0', '0', '0', 'LULUS', ''),
(315, 0, 21, '0', '0', '0', '0', 'LULUS', ''),
(316, 0, 21, '0', '0', '0', '0', 'LULUS', ''),
(317, 0, 21, '0', '0', '0', '0', 'LULUS', ''),
(318, 0, 21, '0', '0', '0', '0', 'LULUS', ''),
(319, 0, 21, '0', '0', '0', '0', 'LULUS', ''),
(320, 0, 21, '0', '0', '0', '0', 'LULUS', ''),
(321, 0, 21, '0', '0', '0', '0', 'LULUS', ''),
(322, 0, 21, '0', '0', '0', '0', 'LULUS', ''),
(323, 0, 21, '0', '0', '0', '0', 'LULUS', ''),
(324, 0, 21, '0', '0', '0', '0', 'LULUS', ''),
(325, 0, 21, '0', '0', '0', '0', 'LULUS', ''),
(326, 0, 21, '0', '0', '0', '0', 'LULUS', ''),
(327, 0, 21, '0', '0', '0', '0', 'LULUS', ''),
(328, 0, 21, '0', '0', '0', '0', 'LULUS', ''),
(329, 0, 21, '0', '0', '0', '0', 'LULUS', ''),
(330, 0, 21, '0', '0', '0', '0', 'LULUS', ''),
(331, 0, 21, '0', '0', '0', '0', 'LULUS', ''),
(332, 0, 21, '0', '0', '0', '0', 'LULUS', ''),
(333, 0, 21, '0', '0', '0', '0', 'LULUS', ''),
(334, 0, 21, '0', '0', '0', '0', 'LULUS', ''),
(335, 0, 21, '0', '0', '0', '0', 'LULUS', ''),
(336, 0, 21, '0', '0', '0', '0', 'LULUS', ''),
(337, 0, 21, '0', '0', '0', '0', 'LULUS', ''),
(338, 0, 21, '0', '0', '0', '0', 'LULUS', ''),
(339, 0, 21, '0', '0', '0', '0', 'LULUS', ''),
(340, 0, 21, '0', '0', '0', '0', 'LULUS', ''),
(341, 0, 21, '0', '0', '0', '0', 'LULUS', ''),
(342, 0, 21, '0', '0', '0', '0', 'LULUS', ''),
(343, 0, 21, '0', '0', '0', '0', 'LULUS', ''),
(344, 0, 21, '0', '0', '0', '0', 'LULUS', ''),
(345, 0, 21, '0', '0', '0', '0', 'LULUS', ''),
(346, 0, 21, '0', '0', '0', '0', 'LULUS', ''),
(347, 0, 21, '0', '0', '0', '0', 'LULUS', ''),
(348, 0, 21, '0', '0', '0', '0', 'LULUS', ''),
(349, 0, 21, '0', '0', '0', '0', 'LULUS', ''),
(350, 0, 21, '0', '0', '0', '0', 'LULUS', ''),
(351, 0, 21, '0', '0', '0', '0', 'LULUS', ''),
(352, 0, 21, '0', '0', '0', '0', 'LULUS', ''),
(353, 0, 21, '0', '0', '0', '0', 'LULUS', ''),
(354, 0, 21, '0', '0', '0', '0', 'LULUS', ''),
(355, 0, 21, '0', '0', '0', '0', 'LULUS', ''),
(356, 0, 21, '0', '0', '0', '0', 'LULUS', ''),
(357, 0, 21, '0', '0', '0', '0', 'LULUS', ''),
(358, 0, 21, '0', '0', '0', '0', 'LULUS', ''),
(359, 0, 21, '0', '0', '0', '0', 'LULUS', ''),
(360, 0, 21, '0', '0', '0', '0', 'LULUS', ''),
(361, 0, 21, '0', '0', '0', '0', 'LULUS', ''),
(362, 0, 21, '0', '0', '0', '0', 'LULUS', ''),
(363, 0, 21, '0', '0', '0', '0', 'LULUS', ''),
(364, 0, 21, '0', '0', '0', '0', 'LULUS', ''),
(365, 0, 21, '0', '0', '0', '0', 'LULUS', ''),
(366, 0, 21, '0', '0', '0', '0', 'LULUS', ''),
(367, 0, 21, '0', '0', '0', '0', 'LULUS', ''),
(368, 0, 21, '0', '0', '0', '0', 'LULUS', ''),
(369, 0, 21, '0', '0', '0', '0', 'LULUS', ''),
(370, 0, 21, '0', '0', '0', '0', 'LULUS', ''),
(371, 0, 21, '0', '0', '0', '0', 'LULUS', ''),
(372, 0, 21, '0', '0', '0', '0', 'LULUS', ''),
(373, 0, 21, '0', '0', '0', '0', 'LULUS', ''),
(374, 0, 21, '0', '0', '0', '0', 'LULUS', ''),
(375, 0, 21, '0', '0', '0', '0', 'LULUS', ''),
(376, 0, 21, '0', '0', '0', '0', 'LULUS', ''),
(377, 0, 21, '0', '0', '0', '0', 'LULUS', ''),
(378, 0, 21, '0', '0', '0', '0', 'LULUS', ''),
(379, 0, 21, '0', '0', '0', '0', 'LULUS', ''),
(380, 0, 21, '0', '0', '0', '0', 'LULUS', ''),
(381, 0, 21, '0', '0', '0', '0', 'LULUS', ''),
(382, 0, 21, '0', '0', '0', '0', 'LULUS', ''),
(383, 0, 21, '0', '0', '0', '0', 'LULUS', ''),
(384, 0, 21, '0', '0', '0', '0', 'LULUS', ''),
(385, 0, 21, '0', '0', '0', '0', 'LULUS', ''),
(386, 0, 21, '0', '0', '0', '0', 'LULUS', ''),
(387, 0, 21, '0', '0', '0', '0', 'LULUS', ''),
(388, 0, 21, '0', '0', '0', '0', 'LULUS', ''),
(389, 0, 21, '0', '0', '0', '0', 'LULUS', ''),
(390, 0, 21, '0', '0', '0', '0', 'LULUS', ''),
(391, 0, 21, '0', '0', '0', '0', 'LULUS', ''),
(392, 0, 21, '0', '0', '0', '0', 'LULUS', ''),
(393, 0, 21, '0', '0', '0', '0', 'LULUS', ''),
(394, 0, 21, '0', '0', '0', '0', 'LULUS', ''),
(395, 0, 21, '0', '0', '0', '0', 'LULUS', ''),
(396, 0, 21, '0', '0', '0', '0', 'LULUS', ''),
(397, 0, 21, '0', '0', '0', '0', 'LULUS', ''),
(398, 0, 21, '0', '0', '0', '0', 'LULUS', ''),
(399, 0, 21, '0', '0', '0', '0', 'LULUS', ''),
(400, 0, 21, '0', '0', '0', '0', 'LULUS', ''),
(401, 0, 21, '0', '0', '0', '0', 'LULUS', ''),
(402, 0, 21, '0', '0', '0', '0', 'LULUS', ''),
(403, 0, 21, '0', '0', '0', '0', 'LULUS', ''),
(404, 0, 21, '0', '0', '0', '0', 'LULUS', ''),
(405, 0, 21, '0', '0', '0', '0', 'LULUS', ''),
(406, 0, 21, '0', '0', '0', '0', 'LULUS', ''),
(407, 0, 21, '0', '0', '0', '0', 'LULUS', ''),
(408, 0, 21, '0', '0', '0', '0', 'LULUS', ''),
(409, 0, 21, '0', '0', '0', '0', 'LULUS', ''),
(410, 0, 21, '0', '0', '0', '0', 'LULUS', ''),
(411, 0, 21, '0', '0', '0', '0', 'LULUS', ''),
(412, 0, 21, '0', '0', '0', '0', 'LULUS', ''),
(413, 0, 21, '0', '0', '0', '0', 'LULUS', ''),
(414, 0, 21, '0', '0', '0', '0', 'LULUS', ''),
(415, 0, 21, '0', '0', '0', '0', 'LULUS', ''),
(416, 0, 21, '0', '0', '0', '0', 'LULUS', ''),
(417, 0, 21, '0', '0', '0', '0', 'LULUS', ''),
(418, 0, 21, '0', '0', '0', '0', 'LULUS', ''),
(419, 0, 21, '0', '0', '0', '0', 'LULUS', ''),
(420, 0, 21, '0', '0', '0', '0', 'LULUS', ''),
(421, 0, 21, '0', '0', '0', '0', 'LULUS', ''),
(422, 0, 21, '0', '0', '0', '0', 'LULUS', ''),
(423, 0, 21, '0', '0', '0', '0', 'LULUS', ''),
(424, 0, 21, '0', '0', '0', '0', 'LULUS', ''),
(425, 0, 21, '0', '0', '0', '0', 'LULUS', ''),
(426, 0, 21, '0', '0', '0', '0', 'LULUS', ''),
(427, 0, 21, '0', '0', '0', '0', 'LULUS', ''),
(428, 0, 21, '0', '0', '0', '0', 'LULUS', ''),
(429, 0, 21, '0', '0', '0', '0', 'LULUS', ''),
(430, 0, 21, '0', '0', '0', '0', 'LULUS', ''),
(431, 0, 21, '0', '0', '0', '0', 'LULUS', ''),
(432, 0, 21, '0', '0', '0', '0', 'LULUS', ''),
(433, 0, 21, '0', '0', '0', '0', 'LULUS', ''),
(434, 0, 21, '0', '0', '0', '0', 'LULUS', ''),
(435, 0, 21, '0', '0', '0', '0', 'LULUS', ''),
(436, 0, 21, '0', '0', '0', '0', 'LULUS', ''),
(437, 0, 21, '0', '0', '0', '0', 'LULUS', ''),
(438, 0, 21, '0', '0', '0', '0', 'LULUS', ''),
(439, 0, 21, '0', '0', '0', '0', 'LULUS', ''),
(440, 0, 21, '0', '0', '0', '0', 'LULUS', ''),
(441, 0, 21, '0', '0', '0', '0', 'LULUS', ''),
(442, 0, 21, '0', '0', '0', '0', 'LULUS', ''),
(443, 0, 21, '0', '0', '0', '0', 'LULUS', ''),
(444, 0, 21, '0', '0', '0', '0', 'LULUS', ''),
(445, 0, 21, '0', '0', '0', '0', 'LULUS', ''),
(446, 0, 21, '0', '0', '0', '0', 'LULUS', ''),
(447, 0, 21, '0', '0', '0', '0', 'LULUS', ''),
(448, 0, 21, '0', '0', '0', '0', 'LULUS', ''),
(449, 0, 21, '0', '0', '0', '0', 'LULUS', ''),
(450, 0, 21, '0', '0', '0', '0', 'LULUS', ''),
(451, 0, 21, '0', '0', '0', '0', 'LULUS', ''),
(452, 0, 21, '0', '0', '0', '0', 'LULUS', ''),
(453, 0, 21, '0', '0', '0', '0', 'LULUS', ''),
(454, 0, 21, '0', '0', '0', '0', 'LULUS', ''),
(455, 0, 21, '0', '0', '0', '0', 'LULUS', ''),
(456, 0, 21, '0', '0', '0', '0', 'LULUS', ''),
(457, 0, 21, '0', '0', '0', '0', 'LULUS', ''),
(458, 0, 21, '0', '0', '0', '0', 'LULUS', ''),
(459, 0, 21, '0', '0', '0', '0', 'LULUS', ''),
(460, 0, 21, '0', '0', '0', '0', 'LULUS', ''),
(461, 0, 21, '0', '0', '0', '0', 'LULUS', ''),
(462, 0, 21, '0', '0', '0', '0', 'LULUS', ''),
(463, 0, 21, '0', '0', '0', '0', 'LULUS', ''),
(464, 0, 21, '0', '0', '0', '0', 'LULUS', ''),
(465, 0, 21, '0', '0', '0', '0', 'LULUS', ''),
(466, 0, 21, '0', '0', '0', '0', 'LULUS', ''),
(467, 0, 21, '0', '0', '0', '0', 'LULUS', ''),
(468, 0, 21, '0', '0', '0', '0', 'LULUS', ''),
(469, 0, 21, '0', '0', '0', '0', 'LULUS', ''),
(470, 0, 21, '0', '0', '0', '0', 'LULUS', ''),
(471, 0, 21, '0', '0', '0', '0', 'LULUS', ''),
(472, 0, 21, '0', '0', '0', '0', 'LULUS', ''),
(473, 0, 21, '0', '0', '0', '0', 'LULUS', ''),
(474, 0, 21, '0', '0', '0', '0', 'LULUS', ''),
(475, 0, 21, '0', '0', '0', '0', 'LULUS', ''),
(476, 0, 21, '0', '0', '0', '0', 'LULUS', ''),
(477, 0, 21, '0', '0', '0', '0', 'LULUS', ''),
(478, 0, 21, '0', '0', '0', '0', 'LULUS', ''),
(479, 0, 21, '0', '0', '0', '0', 'LULUS', ''),
(480, 0, 21, '0', '0', '0', '0', 'LULUS', ''),
(481, 0, 21, '0', '0', '0', '0', 'LULUS', ''),
(482, 0, 21, '0', '0', '0', '0', 'LULUS', ''),
(483, 0, 21, '0', '0', '0', '0', 'LULUS', ''),
(484, 0, 21, '0', '0', '0', '0', 'LULUS', ''),
(485, 0, 21, '0', '0', '0', '0', 'LULUS', ''),
(486, 0, 21, '0', '0', '0', '0', 'LULUS', ''),
(487, 0, 21, '0', '0', '0', '0', 'LULUS', ''),
(488, 0, 21, '0', '0', '0', '0', 'LULUS', ''),
(489, 0, 21, '0', '0', '0', '0', 'LULUS', ''),
(490, 0, 21, '0', '0', '0', '0', 'LULUS', ''),
(491, 0, 21, '0', '0', '0', '0', 'LULUS', ''),
(492, 0, 21, '0', '0', '0', '0', 'LULUS', ''),
(493, 0, 21, '0', '0', '0', '0', 'LULUS', ''),
(494, 0, 21, '0', '0', '0', '0', 'LULUS', ''),
(495, 0, 21, '0', '0', '0', '0', 'LULUS', ''),
(496, 0, 21, '0', '0', '0', '0', 'LULUS', ''),
(497, 0, 21, '0', '0', '0', '0', 'LULUS', ''),
(498, 0, 21, '0', '0', '0', '0', 'LULUS', ''),
(499, 0, 21, '0', '0', '0', '0', 'LULUS', ''),
(500, 0, 21, '0', '0', '0', '0', 'LULUS', ''),
(501, 0, 21, '0', '0', '0', '0', 'LULUS', ''),
(502, 0, 21, '0', '0', '0', '0', 'LULUS', ''),
(503, 0, 21, '0', '0', '0', '0', 'LULUS', ''),
(504, 0, 21, '0', '0', '0', '0', 'LULUS', ''),
(505, 0, 21, '0', '0', '0', '0', 'LULUS', ''),
(506, 0, 21, '0', '0', '0', '0', 'LULUS', ''),
(507, 0, 21, '0', '0', '0', '0', 'LULUS', ''),
(508, 0, 21, '0', '0', '0', '0', 'LULUS', ''),
(509, 0, 21, '0', '0', '0', '0', 'LULUS', ''),
(510, 0, 21, '0', '0', '0', '0', 'LULUS', ''),
(511, 0, 21, '0', '0', '0', '0', 'LULUS', ''),
(512, 0, 21, '0', '0', '0', '0', 'LULUS', ''),
(513, 0, 21, '0', '0', '0', '0', 'LULUS', ''),
(514, 0, 21, '0', '0', '0', '0', 'LULUS', ''),
(515, 0, 21, '0', '0', '0', '0', 'LULUS', ''),
(516, 0, 21, '0', '0', '0', '0', 'LULUS', ''),
(517, 0, 21, '0', '0', '0', '0', 'LULUS', ''),
(518, 0, 21, '0', '0', '0', '0', 'LULUS', ''),
(519, 0, 21, '0', '0', '0', '0', 'LULUS', ''),
(520, 0, 21, '0', '0', '0', '0', 'LULUS', ''),
(521, 0, 21, '0', '0', '0', '0', 'LULUS', ''),
(522, 0, 21, '0', '0', '0', '0', 'LULUS', ''),
(523, 0, 21, '0', '0', '0', '0', 'LULUS', ''),
(524, 0, 21, '0', '0', '0', '0', 'LULUS', ''),
(525, 0, 21, '0', '0', '0', '0', 'LULUS', ''),
(526, 0, 21, '0', '0', '0', '0', 'LULUS', ''),
(527, 0, 21, '0', '0', '0', '0', 'LULUS', ''),
(528, 0, 21, '0', '0', '0', '0', 'LULUS', ''),
(529, 0, 21, '0', '0', '0', '0', 'LULUS', ''),
(530, 0, 21, '0', '0', '0', '0', 'LULUS', ''),
(531, 0, 21, '0', '0', '0', '0', 'LULUS', ''),
(532, 0, 21, '0', '0', '0', '0', 'LULUS', ''),
(533, 0, 21, '0', '0', '0', '0', 'LULUS', ''),
(534, 0, 21, '0', '0', '0', '0', 'LULUS', ''),
(535, 0, 21, '0', '0', '0', '0', 'LULUS', ''),
(536, 0, 21, '0', '0', '0', '0', 'LULUS', ''),
(537, 0, 21, '0', '0', '0', '0', 'LULUS', ''),
(538, 0, 21, '0', '0', '0', '0', 'LULUS', ''),
(539, 0, 21, '0', '0', '0', '0', 'LULUS', ''),
(540, 0, 21, '0', '0', '0', '0', 'LULUS', ''),
(541, 0, 21, '0', '0', '0', '0', 'LULUS', ''),
(542, 0, 21, '0', '0', '0', '0', 'LULUS', ''),
(543, 0, 21, '0', '0', '0', '0', 'LULUS', ''),
(544, 0, 21, '0', '0', '0', '0', 'LULUS', ''),
(545, 0, 21, '0', '0', '0', '0', 'LULUS', ''),
(546, 0, 21, '0', '0', '0', '0', 'LULUS', ''),
(547, 0, 21, '0', '0', '0', '0', 'LULUS', ''),
(548, 0, 21, '0', '0', '0', '0', 'LULUS', ''),
(549, 0, 21, '0', '0', '0', '0', 'LULUS', ''),
(550, 0, 21, '0', '0', '0', '0', 'LULUS', ''),
(551, 0, 21, '0', '0', '0', '0', 'LULUS', ''),
(552, 0, 21, '0', '0', '0', '0', 'LULUS', ''),
(553, 0, 21, '0', '0', '0', '0', 'LULUS', ''),
(554, 0, 21, '0', '0', '0', '0', 'LULUS', ''),
(555, 0, 21, '0', '0', '0', '0', 'LULUS', ''),
(556, 0, 21, '0', '0', '0', '0', 'LULUS', ''),
(557, 0, 21, '0', '0', '0', '0', 'LULUS', ''),
(558, 0, 21, '0', '0', '0', '0', 'LULUS', ''),
(559, 0, 21, '0', '0', '0', '0', 'LULUS', ''),
(560, 0, 21, '0', '0', '0', '0', 'LULUS', ''),
(561, 0, 21, '0', '0', '0', '0', 'LULUS', ''),
(562, 0, 21, '0', '0', '0', '0', 'LULUS', ''),
(563, 0, 21, '0', '0', '0', '0', 'LULUS', ''),
(564, 0, 21, '0', '0', '0', '0', 'LULUS', ''),
(565, 0, 21, '0', '0', '0', '0', 'LULUS', ''),
(566, 0, 21, '0', '0', '0', '0', 'LULUS', ''),
(567, 0, 21, '0', '0', '0', '0', 'LULUS', ''),
(568, 0, 21, '0', '0', '0', '0', 'LULUS', ''),
(569, 0, 21, '0', '0', '0', '0', 'LULUS', ''),
(570, 0, 21, '0', '0', '0', '0', 'LULUS', ''),
(571, 0, 21, '0', '0', '0', '0', 'LULUS', ''),
(572, 0, 21, '0', '0', '0', '0', 'LULUS', ''),
(573, 0, 21, '0', '0', '0', '0', 'LULUS', ''),
(574, 0, 21, '0', '0', '0', '0', 'LULUS', ''),
(575, 0, 21, '0', '0', '0', '0', 'LULUS', ''),
(576, 0, 21, '0', '0', '0', '0', 'LULUS', ''),
(577, 0, 21, '0', '0', '0', '0', 'LULUS', ''),
(578, 0, 21, '0', '0', '0', '0', 'LULUS', ''),
(579, 0, 21, '0', '0', '0', '0', 'LULUS', ''),
(580, 0, 21, '0', '0', '0', '0', 'LULUS', ''),
(581, 0, 21, '0', '0', '0', '0', 'LULUS', ''),
(582, 0, 21, '0', '0', '0', '0', 'LULUS', ''),
(583, 0, 21, '0', '0', '0', '0', 'LULUS', ''),
(584, 0, 21, '0', '0', '0', '0', 'LULUS', ''),
(585, 0, 21, '0', '0', '0', '0', 'LULUS', ''),
(586, 0, 21, '0', '0', '0', '0', 'LULUS', ''),
(587, 0, 21, '0', '0', '0', '0', 'LULUS', ''),
(588, 0, 21, '0', '0', '0', '0', 'LULUS', ''),
(589, 0, 21, '0', '0', '0', '0', 'LULUS', ''),
(590, 0, 21, '0', '0', '0', '0', 'LULUS', ''),
(591, 0, 21, '0', '0', '0', '0', 'LULUS', ''),
(592, 0, 21, '0', '0', '0', '0', 'LULUS', ''),
(593, 0, 21, '0', '0', '0', '0', 'LULUS', ''),
(594, 0, 21, '0', '0', '0', '0', 'LULUS', ''),
(595, 0, 21, '0', '0', '0', '0', 'LULUS', ''),
(596, 0, 21, '0', '0', '0', '0', 'LULUS', ''),
(597, 0, 21, '0', '0', '0', '0', 'LULUS', ''),
(598, 0, 21, '0', '0', '0', '0', 'LULUS', ''),
(599, 0, 21, '0', '0', '0', '0', 'LULUS', ''),
(600, 0, 21, '0', '0', '0', '0', 'LULUS', ''),
(601, 0, 21, '0', '0', '0', '0', 'LULUS', ''),
(602, 0, 21, '0', '0', '0', '0', 'LULUS', ''),
(603, 0, 21, '0', '0', '0', '0', 'LULUS', ''),
(604, 0, 21, '0', '0', '0', '0', 'LULUS', ''),
(605, 0, 21, '0', '0', '0', '0', 'LULUS', ''),
(606, 0, 21, '0', '0', '0', '0', 'LULUS', ''),
(607, 0, 21, '0', '0', '0', '0', 'LULUS', ''),
(608, 0, 21, '0', '0', '0', '0', 'LULUS', ''),
(609, 0, 21, '0', '0', '0', '0', 'LULUS', ''),
(610, 0, 21, '0', '0', '0', '0', 'LULUS', ''),
(611, 0, 21, '0', '0', '0', '0', 'LULUS', ''),
(612, 0, 21, '0', '0', '0', '0', 'LULUS', ''),
(613, 0, 21, '0', '0', '0', '0', 'LULUS', ''),
(614, 0, 21, '0', '0', '0', '0', 'LULUS', ''),
(615, 0, 21, '0', '0', '0', '0', 'LULUS', ''),
(616, 0, 21, '0', '0', '0', '0', 'LULUS', ''),
(617, 0, 21, '0', '0', '0', '0', 'LULUS', ''),
(618, 0, 21, '0', '0', '0', '0', 'LULUS', ''),
(619, 0, 21, '0', '0', '0', '0', 'LULUS', ''),
(620, 0, 21, '0', '0', '0', '0', 'LULUS', ''),
(621, 0, 21, '0', '0', '0', '0', 'LULUS', ''),
(622, 0, 21, '0', '0', '0', '0', 'LULUS', ''),
(623, 0, 21, '0', '0', '0', '0', 'LULUS', ''),
(624, 0, 21, '0', '0', '0', '0', 'LULUS', ''),
(625, 0, 21, '0', '0', '0', '0', 'LULUS', ''),
(626, 0, 21, '0', '0', '0', '0', 'LULUS', ''),
(627, 0, 21, '0', '0', '0', '0', 'LULUS', ''),
(628, 0, 21, '0', '0', '0', '0', 'LULUS', ''),
(629, 0, 21, '0', '0', '0', '0', 'LULUS', ''),
(630, 0, 21, '0', '0', '0', '0', 'LULUS', ''),
(631, 0, 21, '0', '0', '0', '0', 'LULUS', ''),
(632, 0, 21, '0', '0', '0', '0', 'LULUS', ''),
(633, 0, 21, '0', '0', '0', '0', 'LULUS', ''),
(634, 0, 21, '0', '0', '0', '0', 'LULUS', ''),
(635, 0, 21, '0', '0', '0', '0', 'LULUS', ''),
(636, 0, 21, '0', '0', '0', '0', 'LULUS', ''),
(637, 0, 21, '0', '0', '0', '0', 'LULUS', ''),
(638, 0, 21, '0', '0', '0', '0', 'LULUS', ''),
(639, 0, 21, '0', '0', '0', '0', 'LULUS', ''),
(640, 0, 21, '0', '0', '0', '0', 'LULUS', ''),
(641, 0, 21, '0', '0', '0', '0', 'LULUS', ''),
(642, 0, 21, '0', '0', '0', '0', 'LULUS', ''),
(643, 0, 21, '0', '0', '0', '0', 'LULUS', ''),
(644, 0, 21, '0', '0', '0', '0', 'LULUS', ''),
(645, 0, 21, '0', '0', '0', '0', 'LULUS', ''),
(646, 0, 21, '0', '0', '0', '0', 'LULUS', ''),
(647, 0, 21, '0', '0', '0', '0', 'LULUS', ''),
(648, 0, 21, '0', '0', '0', '0', 'LULUS', ''),
(649, 0, 21, '0', '0', '0', '0', 'LULUS', ''),
(650, 0, 21, '0', '0', '0', '0', 'LULUS', ''),
(651, 0, 21, '0', '0', '0', '0', 'LULUS', ''),
(652, 0, 21, '0', '0', '0', '0', 'LULUS', ''),
(653, 0, 21, '0', '0', '0', '0', 'LULUS', ''),
(654, 0, 21, '0', '0', '0', '0', 'LULUS', ''),
(655, 0, 21, '0', '0', '0', '0', 'LULUS', ''),
(656, 0, 21, '0', '0', '0', '0', 'LULUS', ''),
(657, 0, 21, '0', '0', '0', '0', 'LULUS', ''),
(658, 0, 21, '0', '0', '0', '0', 'LULUS', ''),
(659, 0, 21, '0', '0', '0', '0', 'LULUS', ''),
(660, 0, 21, '0', '0', '0', '0', 'LULUS', ''),
(661, 0, 21, '0', '0', '0', '0', 'LULUS', ''),
(662, 0, 21, '0', '0', '0', '0', 'LULUS', ''),
(663, 0, 21, '0', '0', '0', '0', 'LULUS', ''),
(664, 0, 21, '0', '0', '0', '0', 'LULUS', ''),
(665, 0, 21, '0', '0', '0', '0', 'LULUS', ''),
(666, 0, 21, '0', '0', '0', '0', 'LULUS', ''),
(667, 0, 21, '0', '0', '0', '0', 'LULUS', ''),
(668, 0, 21, '0', '0', '0', '0', 'LULUS', ''),
(669, 0, 21, '0', '0', '0', '0', 'LULUS', ''),
(670, 0, 21, '0', '0', '0', '0', 'LULUS', ''),
(671, 0, 21, '0', '0', '0', '0', 'LULUS', ''),
(672, 0, 21, '0', '0', '0', '0', 'LULUS', ''),
(673, 0, 21, '0', '0', '0', '0', 'LULUS', ''),
(674, 0, 21, '0', '0', '0', '0', 'LULUS', ''),
(675, 0, 21, '0', '0', '0', '0', 'LULUS', ''),
(676, 0, 21, '0', '0', '0', '0', 'LULUS', ''),
(677, 0, 21, '0', '0', '0', '0', 'LULUS', ''),
(678, 0, 21, '0', '0', '0', '0', 'LULUS', ''),
(679, 0, 21, '0', '0', '0', '0', 'LULUS', ''),
(680, 0, 21, '0', '0', '0', '0', 'LULUS', ''),
(681, 0, 21, '0', '0', '0', '0', 'LULUS', ''),
(682, 0, 21, '0', '0', '0', '0', 'LULUS', ''),
(683, 0, 21, '0', '0', '0', '0', 'LULUS', ''),
(684, 0, 21, '0', '0', '0', '0', 'LULUS', ''),
(685, 0, 21, '0', '0', '0', '0', 'LULUS', ''),
(686, 0, 21, '0', '0', '0', '0', 'LULUS', ''),
(687, 0, 21, '0', '0', '0', '0', 'LULUS', ''),
(688, 0, 21, '0', '0', '0', '0', 'LULUS', ''),
(689, 0, 21, '0', '0', '0', '0', 'LULUS', ''),
(690, 0, 21, '0', '0', '0', '0', 'LULUS', ''),
(691, 0, 21, '0', '0', '0', '0', 'LULUS', ''),
(692, 0, 21, '0', '0', '0', '0', 'LULUS', ''),
(693, 0, 21, '0', '0', '0', '0', 'LULUS', ''),
(694, 0, 21, '0', '0', '0', '0', 'LULUS', ''),
(695, 0, 21, '0', '0', '0', '0', 'LULUS', ''),
(696, 0, 21, '0', '0', '0', '0', 'LULUS', ''),
(697, 0, 21, '0', '0', '0', '0', 'LULUS', ''),
(698, 0, 21, '0', '0', '0', '0', 'LULUS', ''),
(699, 0, 21, '0', '0', '0', '0', 'LULUS', ''),
(700, 0, 21, '0', '0', '0', '0', 'LULUS', ''),
(701, 0, 21, '0', '0', '0', '0', 'LULUS', ''),
(702, 0, 21, '0', '0', '0', '0', 'LULUS', ''),
(703, 0, 21, '0', '0', '0', '0', 'LULUS', ''),
(704, 0, 21, '0', '0', '0', '0', 'LULUS', ''),
(705, 0, 21, '0', '0', '0', '0', 'LULUS', ''),
(706, 0, 21, '0', '0', '0', '0', 'LULUS', ''),
(707, 0, 21, '0', '0', '0', '0', 'LULUS', ''),
(708, 0, 21, '0', '0', '0', '0', 'LULUS', ''),
(709, 0, 21, '0', '0', '0', '0', 'LULUS', ''),
(710, 0, 21, '0', '0', '0', '0', 'LULUS', ''),
(711, 0, 21, '0', '0', '0', '0', 'LULUS', ''),
(712, 0, 21, '0', '0', '0', '0', 'LULUS', ''),
(713, 0, 21, '0', '0', '0', '0', 'LULUS', ''),
(714, 0, 21, '0', '0', '0', '0', 'LULUS', ''),
(715, 0, 21, '0', '0', '0', '0', 'LULUS', ''),
(716, 0, 21, '0', '0', '0', '0', 'LULUS', ''),
(717, 0, 21, '0', '0', '0', '0', 'LULUS', ''),
(718, 0, 21, '0', '0', '0', '0', 'LULUS', ''),
(719, 0, 21, '0', '0', '0', '0', 'LULUS', ''),
(720, 0, 21, '0', '0', '0', '0', 'LULUS', ''),
(721, 0, 21, '0', '0', '0', '0', 'LULUS', ''),
(722, 0, 21, '0', '0', '0', '0', 'LULUS', ''),
(723, 0, 21, '0', '0', '0', '0', 'LULUS', ''),
(724, 0, 21, '0', '0', '0', '0', 'LULUS', ''),
(725, 0, 21, '0', '0', '0', '0', 'LULUS', ''),
(726, 0, 21, '0', '0', '0', '0', 'LULUS', ''),
(727, 0, 21, '0', '0', '0', '0', 'LULUS', ''),
(728, 0, 21, '0', '0', '0', '0', 'LULUS', ''),
(729, 0, 21, '0', '0', '0', '0', 'LULUS', ''),
(730, 0, 21, '0', '0', '0', '0', 'LULUS', ''),
(731, 0, 21, '0', '0', '0', '0', 'LULUS', ''),
(732, 0, 21, '0', '0', '0', '0', 'LULUS', ''),
(733, 0, 21, '0', '0', '0', '0', 'LULUS', ''),
(734, 0, 21, '0', '0', '0', '0', 'LULUS', ''),
(735, 0, 21, '0', '0', '0', '0', 'LULUS', ''),
(736, 0, 21, '0', '0', '0', '0', 'LULUS', ''),
(737, 0, 21, '0', '0', '0', '0', 'LULUS', ''),
(738, 0, 21, '0', '0', '0', '0', 'LULUS', ''),
(739, 0, 21, '0', '0', '0', '0', 'LULUS', ''),
(740, 0, 21, '0', '0', '0', '0', 'LULUS', ''),
(741, 0, 21, '0', '0', '0', '0', 'LULUS', ''),
(742, 0, 21, '0', '0', '0', '0', 'LULUS', ''),
(743, 0, 21, '0', '0', '0', '0', 'LULUS', ''),
(744, 0, 21, '0', '0', '0', '0', 'LULUS', ''),
(745, 0, 21, '0', '0', '0', '0', 'LULUS', ''),
(746, 0, 21, '0', '0', '0', '0', 'LULUS', ''),
(747, 0, 21, '0', '0', '0', '0', 'LULUS', ''),
(748, 0, 21, '0', '0', '0', '0', 'LULUS', ''),
(749, 0, 21, '0', '0', '0', '0', 'LULUS', ''),
(750, 0, 21, '0', '0', '0', '0', 'LULUS', ''),
(751, 0, 21, '0', '0', '0', '0', 'LULUS', ''),
(752, 0, 21, '0', '0', '0', '0', 'LULUS', ''),
(753, 0, 21, '0', '0', '0', '0', 'LULUS', ''),
(754, 0, 21, '0', '0', '0', '0', 'LULUS', ''),
(755, 0, 21, '0', '0', '0', '0', 'LULUS', ''),
(756, 0, 21, '0', '0', '0', '0', 'LULUS', ''),
(757, 0, 21, '0', '0', '0', '0', 'LULUS', ''),
(758, 0, 21, '0', '0', '0', '0', 'LULUS', ''),
(759, 0, 21, '0', '0', '0', '0', 'LULUS', ''),
(760, 0, 21, '0', '0', '0', '0', 'LULUS', ''),
(761, 0, 21, '0', '0', '0', '0', 'LULUS', ''),
(762, 0, 21, '0', '0', '0', '0', 'LULUS', ''),
(763, 0, 21, '0', '0', '0', '0', 'LULUS', ''),
(764, 0, 21, '0', '0', '0', '0', 'LULUS', ''),
(765, 0, 21, '0', '0', '0', '0', 'LULUS', ''),
(766, 0, 21, '0', '0', '0', '0', 'LULUS', ''),
(767, 0, 21, '0', '0', '0', '0', 'LULUS', ''),
(768, 0, 21, '0', '0', '0', '0', 'LULUS', ''),
(769, 0, 21, '0', '0', '0', '0', 'LULUS', ''),
(770, 0, 21, '0', '0', '0', '0', 'LULUS', ''),
(771, 0, 21, '0', '0', '0', '0', 'LULUS', ''),
(772, 0, 21, '0', '0', '0', '0', 'LULUS', ''),
(773, 0, 21, '0', '0', '0', '0', 'LULUS', ''),
(774, 0, 21, '0', '0', '0', '0', 'LULUS', ''),
(775, 0, 21, '0', '0', '0', '0', 'LULUS', ''),
(776, 0, 21, '0', '0', '0', '0', 'LULUS', ''),
(777, 0, 21, '0', '0', '0', '0', 'LULUS', ''),
(778, 0, 21, '0', '0', '0', '0', 'LULUS', ''),
(779, 0, 21, '0', '0', '0', '0', 'LULUS', ''),
(780, 0, 21, '0', '0', '0', '0', 'LULUS', ''),
(781, 0, 21, '0', '0', '0', '0', 'LULUS', ''),
(782, 0, 21, '0', '0', '0', '0', 'LULUS', ''),
(783, 0, 21, '0', '0', '0', '0', 'LULUS', ''),
(784, 0, 21, '0', '0', '0', '0', 'LULUS', ''),
(785, 0, 21, '0', '0', '0', '0', 'LULUS', ''),
(786, 0, 21, '0', '0', '0', '0', 'LULUS', ''),
(787, 0, 21, '0', '0', '0', '0', 'LULUS', ''),
(788, 0, 21, '0', '0', '0', '0', 'LULUS', ''),
(789, 0, 21, '0', '0', '0', '0', 'LULUS', ''),
(790, 0, 21, '0', '0', '0', '0', 'LULUS', ''),
(791, 0, 21, '0', '0', '0', '0', 'LULUS', ''),
(792, 0, 21, '0', '0', '0', '0', 'LULUS', ''),
(793, 0, 21, '0', '0', '0', '0', 'LULUS', ''),
(794, 0, 21, '0', '0', '0', '0', 'LULUS', ''),
(795, 0, 21, '0', '0', '0', '0', 'LULUS', ''),
(796, 0, 21, '0', '0', '0', '0', 'LULUS', ''),
(797, 0, 21, '0', '0', '0', '0', 'LULUS', ''),
(798, 0, 21, '0', '0', '0', '0', 'LULUS', ''),
(799, 0, 21, '0', '0', '0', '0', 'LULUS', ''),
(800, 0, 21, '0', '0', '0', '0', 'LULUS', ''),
(801, 0, 21, '0', '0', '0', '0', 'LULUS', ''),
(802, 0, 21, '0', '0', '0', '0', 'LULUS', ''),
(803, 0, 21, '0', '0', '0', '0', 'LULUS', ''),
(804, 0, 21, '0', '0', '0', '0', 'LULUS', ''),
(805, 0, 21, '0', '0', '0', '0', 'LULUS', ''),
(806, 0, 21, '0', '0', '0', '0', 'LULUS', ''),
(807, 0, 21, '0', '0', '0', '0', 'LULUS', ''),
(808, 0, 21, '0', '0', '0', '0', 'LULUS', ''),
(809, 0, 21, '0', '0', '0', '0', 'LULUS', ''),
(810, 0, 21, '0', '0', '0', '0', 'LULUS', ''),
(811, 0, 21, '0', '0', '0', '0', 'LULUS', ''),
(812, 0, 21, '0', '0', '0', '0', 'LULUS', ''),
(813, 0, 21, '0', '0', '0', '0', 'LULUS', ''),
(814, 0, 21, '0', '0', '0', '0', 'LULUS', ''),
(815, 0, 21, '0', '0', '0', '0', 'LULUS', ''),
(816, 0, 21, '0', '0', '0', '0', 'LULUS', ''),
(817, 0, 21, '0', '0', '0', '0', 'LULUS', ''),
(818, 0, 21, '0', '0', '0', '0', 'LULUS', ''),
(819, 0, 21, '0', '0', '0', '0', 'LULUS', ''),
(820, 0, 21, '0', '0', '0', '0', 'LULUS', ''),
(821, 0, 21, '0', '0', '0', '0', 'LULUS', ''),
(822, 0, 21, '0', '0', '0', '0', 'LULUS', ''),
(823, 0, 21, '0', '0', '0', '0', 'LULUS', ''),
(824, 0, 21, '0', '0', '0', '0', 'LULUS', ''),
(825, 0, 21, '0', '0', '0', '0', 'LULUS', ''),
(826, 0, 21, '0', '0', '0', '0', 'LULUS', ''),
(827, 0, 21, '0', '0', '0', '0', 'LULUS', ''),
(828, 0, 21, '0', '0', '0', '0', 'LULUS', ''),
(829, 0, 21, '0', '0', '0', '0', 'LULUS', ''),
(830, 0, 21, '0', '0', '0', '0', 'LULUS', ''),
(831, 0, 21, '0', '0', '0', '0', 'LULUS', ''),
(832, 0, 21, '0', '0', '0', '0', 'LULUS', ''),
(833, 0, 21, '0', '0', '0', '0', 'LULUS', ''),
(834, 0, 21, '0', '0', '0', '0', 'LULUS', ''),
(835, 0, 21, '0', '0', '0', '0', 'LULUS', ''),
(836, 0, 21, '0', '0', '0', '0', 'LULUS', ''),
(837, 0, 21, '0', '0', '0', '0', 'LULUS', ''),
(838, 0, 21, '0', '0', '0', '0', 'LULUS', ''),
(839, 0, 21, '0', '0', '0', '0', 'LULUS', ''),
(840, 0, 21, '0', '0', '0', '0', 'LULUS', ''),
(841, 0, 21, '0', '0', '0', '0', 'LULUS', ''),
(842, 0, 21, '0', '0', '0', '0', 'LULUS', ''),
(843, 0, 21, '0', '0', '0', '0', 'LULUS', ''),
(844, 0, 21, '0', '0', '0', '0', 'LULUS', ''),
(845, 0, 21, '0', '0', '0', '0', 'LULUS', ''),
(846, 0, 21, '0', '0', '0', '0', 'LULUS', ''),
(847, 0, 21, '0', '0', '0', '0', 'LULUS', ''),
(848, 0, 21, '0', '0', '0', '0', 'LULUS', ''),
(849, 0, 21, '0', '0', '0', '0', 'LULUS', ''),
(850, 0, 21, '0', '0', '0', '0', 'LULUS', ''),
(851, 0, 21, '0', '0', '0', '0', 'LULUS', ''),
(852, 0, 21, '0', '0', '0', '0', 'LULUS', ''),
(853, 0, 21, '0', '0', '0', '0', 'LULUS', ''),
(854, 0, 21, '0', '0', '0', '0', 'LULUS', ''),
(855, 0, 21, '0', '0', '0', '0', 'LULUS', ''),
(856, 0, 21, '0', '0', '0', '0', 'LULUS', ''),
(857, 0, 21, '0', '0', '0', '0', 'LULUS', ''),
(858, 0, 21, '0', '0', '0', '0', 'LULUS', ''),
(859, 0, 21, '0', '0', '0', '0', 'LULUS', ''),
(860, 0, 21, '0', '0', '0', '0', 'LULUS', ''),
(861, 0, 21, '0', '0', '0', '0', 'LULUS', ''),
(862, 0, 21, '0', '0', '0', '0', 'LULUS', ''),
(863, 0, 21, '0', '0', '0', '0', 'LULUS', ''),
(864, 0, 21, '0', '0', '0', '0', 'LULUS', ''),
(865, 0, 21, '0', '0', '0', '0', 'LULUS', ''),
(866, 0, 21, '0', '0', '0', '0', 'LULUS', ''),
(867, 0, 21, '0', '0', '0', '0', 'LULUS', ''),
(868, 0, 21, '0', '0', '0', '0', 'LULUS', ''),
(869, 0, 21, '0', '0', '0', '0', 'LULUS', ''),
(870, 0, 21, '0', '0', '0', '0', 'LULUS', ''),
(871, 0, 21, '0', '0', '0', '0', 'LULUS', ''),
(872, 0, 21, '0', '0', '0', '0', 'LULUS', ''),
(873, 0, 21, '0', '0', '0', '0', 'LULUS', ''),
(874, 0, 21, '0', '0', '0', '0', 'LULUS', ''),
(875, 0, 21, '0', '0', '0', '0', 'LULUS', ''),
(876, 0, 21, '0', '0', '0', '0', 'LULUS', ''),
(877, 0, 21, '0', '0', '0', '0', 'LULUS', ''),
(878, 0, 21, '0', '0', '0', '0', 'LULUS', ''),
(879, 0, 21, '0', '0', '0', '0', 'LULUS', ''),
(880, 0, 21, '0', '0', '0', '0', 'LULUS', ''),
(881, 0, 21, '0', '0', '0', '0', 'LULUS', ''),
(882, 0, 21, '0', '0', '0', '0', 'LULUS', ''),
(883, 0, 21, '0', '0', '0', '0', 'LULUS', ''),
(884, 0, 21, '0', '0', '0', '0', 'LULUS', ''),
(885, 0, 21, '0', '0', '0', '0', 'LULUS', ''),
(886, 0, 21, '0', '0', '0', '0', 'LULUS', ''),
(887, 0, 21, '0', '0', '0', '0', 'LULUS', ''),
(888, 0, 21, '0', '0', '0', '0', 'LULUS', ''),
(889, 0, 21, '0', '0', '0', '0', 'LULUS', ''),
(890, 0, 21, '0', '0', '0', '0', 'LULUS', ''),
(891, 0, 21, '0', '0', '0', '0', 'LULUS', ''),
(892, 0, 21, '0', '0', '0', '0', 'LULUS', ''),
(893, 0, 21, '0', '0', '0', '0', 'LULUS', ''),
(894, 0, 21, '0', '0', '0', '0', 'LULUS', ''),
(895, 0, 21, '0', '0', '0', '0', 'LULUS', ''),
(896, 0, 21, '0', '0', '0', '0', 'LULUS', ''),
(897, 0, 21, '0', '0', '0', '0', 'LULUS', ''),
(898, 0, 21, '0', '0', '0', '0', 'LULUS', ''),
(899, 0, 21, '0', '0', '0', '0', 'LULUS', ''),
(900, 0, 21, '0', '0', '0', '0', 'LULUS', ''),
(901, 0, 21, '0', '0', '0', '0', 'LULUS', ''),
(902, 0, 21, '0', '0', '0', '0', 'LULUS', ''),
(903, 0, 21, '0', '0', '0', '0', 'LULUS', ''),
(904, 0, 21, '0', '0', '0', '0', 'LULUS', ''),
(905, 0, 21, '0', '0', '0', '0', 'LULUS', ''),
(906, 0, 21, '0', '0', '0', '0', 'LULUS', ''),
(907, 0, 21, '0', '0', '0', '0', 'LULUS', ''),
(908, 0, 21, '0', '0', '0', '0', 'LULUS', ''),
(909, 0, 21, '0', '0', '0', '0', 'LULUS', ''),
(910, 0, 21, '0', '0', '0', '0', 'LULUS', ''),
(911, 0, 21, '0', '0', '0', '0', 'LULUS', ''),
(912, 0, 21, '0', '0', '0', '0', 'LULUS', ''),
(913, 0, 21, '0', '0', '0', '0', 'LULUS', ''),
(914, 0, 21, '0', '0', '0', '0', 'LULUS', ''),
(915, 0, 21, '0', '0', '0', '0', 'LULUS', ''),
(916, 0, 21, '0', '0', '0', '0', 'LULUS', ''),
(917, 0, 21, '0', '0', '0', '0', 'LULUS', ''),
(918, 0, 21, '0', '0', '0', '0', 'LULUS', ''),
(919, 0, 21, '0', '0', '0', '0', 'LULUS', ''),
(920, 0, 21, '0', '0', '0', '0', 'LULUS', ''),
(921, 0, 21, '0', '0', '0', '0', 'LULUS', ''),
(922, 0, 21, '0', '0', '0', '0', 'LULUS', ''),
(923, 0, 21, '0', '0', '0', '0', 'LULUS', ''),
(924, 0, 21, '0', '0', '0', '0', 'LULUS', ''),
(925, 0, 21, '0', '0', '0', '0', 'LULUS', ''),
(926, 0, 21, '0', '0', '0', '0', 'LULUS', ''),
(927, 0, 21, '0', '0', '0', '0', 'LULUS', ''),
(928, 0, 21, '0', '0', '0', '0', 'LULUS', ''),
(929, 0, 21, '0', '0', '0', '0', 'LULUS', ''),
(930, 0, 21, '0', '0', '0', '0', 'LULUS', ''),
(931, 0, 21, '0', '0', '0', '0', 'LULUS', ''),
(932, 0, 21, '0', '0', '0', '0', 'LULUS', ''),
(933, 0, 21, '0', '0', '0', '0', 'LULUS', ''),
(934, 0, 21, '0', '0', '0', '0', 'LULUS', ''),
(935, 27, 21, '2', '0', '0', '20', 'TIDAK_LULUS', '2016-12-19'),
(936, 0, 21, '0', '0', '0', '0', 'LULUS', ''),
(937, 0, 21, '0', '0', '0', '0', 'LULUS', ''),
(938, 0, 21, '0', '0', '0', '0', 'LULUS', ''),
(939, 0, 21, '0', '0', '0', '0', 'LULUS', ''),
(940, 0, 21, '0', '0', '0', '0', 'LULUS', ''),
(941, 0, 21, '0', '0', '0', '0', 'LULUS', ''),
(942, 0, 21, '0', '0', '0', '0', 'LULUS', ''),
(943, 0, 21, '0', '0', '0', '0', 'LULUS', ''),
(944, 0, 21, '0', '0', '0', '0', 'LULUS', ''),
(945, 0, 21, '0', '0', '0', '0', 'LULUS', ''),
(946, 0, 21, '0', '0', '0', '0', 'LULUS', ''),
(947, 0, 21, '0', '0', '0', '0', 'LULUS', ''),
(948, 0, 21, '0', '0', '0', '0', 'LULUS', ''),
(949, 0, 21, '0', '0', '0', '0', 'LULUS', ''),
(950, 0, 21, '0', '0', '0', '0', 'LULUS', ''),
(951, 0, 21, '0', '0', '0', '0', 'LULUS', ''),
(952, 0, 21, '0', '0', '0', '0', 'LULUS', ''),
(953, 0, 21, '0', '0', '0', '0', 'LULUS', ''),
(954, 0, 21, '0', '0', '0', '0', 'LULUS', ''),
(955, 0, 21, '0', '0', '0', '0', 'LULUS', ''),
(956, 0, 21, '0', '0', '0', '0', 'LULUS', ''),
(957, 0, 21, '0', '0', '0', '0', 'LULUS', ''),
(958, 0, 21, '0', '0', '0', '0', 'LULUS', ''),
(959, 0, 21, '0', '0', '0', '0', 'LULUS', ''),
(960, 0, 21, '0', '0', '0', '0', 'LULUS', ''),
(961, 0, 21, '0', '0', '0', '0', 'LULUS', ''),
(962, 0, 21, '0', '0', '0', '0', 'LULUS', ''),
(963, 0, 21, '0', '0', '0', '0', 'LULUS', ''),
(964, 0, 21, '0', '0', '0', '0', 'LULUS', ''),
(965, 0, 21, '0', '0', '0', '0', 'LULUS', ''),
(966, 0, 21, '0', '0', '0', '0', 'LULUS', ''),
(967, 0, 21, '0', '0', '0', '0', 'LULUS', ''),
(968, 0, 21, '0', '0', '0', '0', 'LULUS', ''),
(969, 0, 21, '0', '0', '0', '0', 'LULUS', ''),
(970, 0, 21, '0', '0', '0', '0', 'LULUS', ''),
(971, 0, 21, '0', '0', '0', '0', 'LULUS', ''),
(972, 0, 21, '0', '0', '0', '0', 'LULUS', ''),
(973, 0, 21, '0', '0', '0', '0', 'LULUS', ''),
(974, 0, 21, '0', '0', '0', '0', 'LULUS', ''),
(975, 0, 21, '0', '0', '0', '0', 'LULUS', ''),
(976, 0, 21, '0', '0', '0', '0', 'LULUS', ''),
(977, 0, 21, '0', '0', '0', '0', 'LULUS', ''),
(978, 0, 21, '0', '0', '0', '0', 'LULUS', ''),
(979, 0, 21, '0', '0', '0', '0', 'LULUS', ''),
(980, 0, 21, '0', '0', '0', '0', 'LULUS', ''),
(981, 0, 21, '0', '0', '0', '0', 'LULUS', ''),
(982, 0, 21, '0', '0', '0', '0', 'LULUS', ''),
(983, 0, 21, '0', '0', '0', '0', 'LULUS', ''),
(984, 0, 21, '0', '0', '0', '0', 'LULUS', ''),
(985, 0, 21, '0', '0', '0', '0', 'LULUS', ''),
(986, 0, 21, '0', '0', '0', '0', 'LULUS', ''),
(987, 0, 21, '0', '0', '0', '0', 'LULUS', ''),
(988, 0, 21, '0', '0', '0', '0', 'LULUS', ''),
(989, 0, 21, '0', '0', '0', '0', 'LULUS', ''),
(990, 0, 21, '0', '0', '0', '0', 'LULUS', ''),
(991, 0, 21, '0', '0', '0', '0', 'LULUS', ''),
(992, 0, 21, '0', '0', '0', '0', 'LULUS', ''),
(993, 0, 21, '0', '0', '0', '0', 'LULUS', ''),
(994, 0, 21, '0', '0', '0', '0', 'LULUS', ''),
(995, 0, 21, '0', '0', '0', '0', 'LULUS', ''),
(996, 0, 21, '0', '0', '0', '0', 'LULUS', ''),
(997, 0, 21, '0', '0', '0', '0', 'LULUS', ''),
(998, 0, 21, '0', '0', '0', '0', 'LULUS', ''),
(999, 0, 21, '0', '0', '0', '0', 'LULUS', ''),
(1000, 0, 21, '0', '0', '0', '0', 'LULUS', ''),
(1001, 0, 21, '0', '0', '0', '0', 'LULUS', ''),
(1002, 0, 21, '0', '0', '0', '0', 'LULUS', ''),
(1003, 0, 21, '0', '0', '0', '0', 'LULUS', ''),
(1004, 0, 21, '0', '0', '0', '0', 'LULUS', ''),
(1005, 0, 21, '0', '0', '0', '0', 'LULUS', ''),
(1006, 0, 21, '0', '0', '0', '0', 'LULUS', ''),
(1007, 0, 21, '0', '0', '0', '0', 'LULUS', ''),
(1008, 0, 21, '0', '0', '0', '0', 'LULUS', ''),
(1009, 0, 21, '0', '0', '0', '0', 'LULUS', ''),
(1010, 0, 21, '0', '0', '0', '0', 'LULUS', ''),
(1011, 0, 21, '0', '0', '0', '0', 'LULUS', ''),
(1012, 0, 21, '0', '0', '0', '0', 'LULUS', ''),
(1013, 0, 21, '0', '0', '0', '0', 'LULUS', ''),
(1014, 0, 21, '0', '0', '0', '0', 'LULUS', ''),
(1015, 0, 21, '0', '0', '0', '0', 'LULUS', ''),
(1016, 0, 21, '0', '0', '0', '0', 'LULUS', ''),
(1017, 0, 21, '0', '0', '0', '0', 'LULUS', ''),
(1018, 0, 21, '0', '0', '0', '0', 'LULUS', ''),
(1019, 0, 21, '0', '0', '0', '0', 'LULUS', ''),
(1020, 0, 21, '0', '0', '0', '0', 'LULUS', ''),
(1021, 0, 21, '0', '0', '0', '0', 'LULUS', ''),
(1022, 0, 21, '0', '0', '0', '0', 'LULUS', ''),
(1023, 0, 21, '0', '0', '0', '0', 'LULUS', ''),
(1024, 0, 21, '0', '0', '0', '0', 'LULUS', ''),
(1025, 0, 21, '0', '0', '0', '0', 'LULUS', ''),
(1026, 0, 21, '0', '0', '0', '0', 'LULUS', ''),
(1027, 0, 21, '0', '0', '0', '0', 'LULUS', ''),
(1028, 0, 21, '0', '0', '0', '0', 'LULUS', ''),
(1029, 0, 21, '0', '0', '0', '0', 'LULUS', ''),
(1030, 0, 21, '0', '0', '0', '0', 'LULUS', ''),
(1031, 0, 21, '0', '0', '0', '0', 'LULUS', ''),
(1032, 0, 21, '0', '0', '0', '0', 'LULUS', ''),
(1033, 0, 21, '0', '0', '0', '0', 'LULUS', ''),
(1034, 0, 21, '0', '0', '0', '0', 'LULUS', ''),
(1035, 0, 21, '0', '0', '0', '0', 'LULUS', ''),
(1036, 0, 21, '0', '0', '0', '0', 'LULUS', ''),
(1037, 0, 21, '0', '0', '0', '0', 'LULUS', ''),
(1038, 0, 21, '0', '0', '0', '0', 'LULUS', ''),
(1039, 0, 21, '0', '0', '0', '0', 'LULUS', ''),
(1040, 0, 21, '0', '0', '0', '0', 'LULUS', ''),
(1041, 0, 21, '0', '0', '0', '0', 'LULUS', ''),
(1042, 0, 21, '0', '0', '0', '0', 'LULUS', ''),
(1043, 0, 21, '0', '0', '0', '0', 'LULUS', ''),
(1044, 0, 21, '0', '0', '0', '0', 'LULUS', ''),
(1045, 0, 21, '0', '0', '0', '0', 'LULUS', ''),
(1046, 0, 21, '0', '0', '0', '0', 'LULUS', ''),
(1047, 0, 21, '0', '0', '0', '0', 'LULUS', ''),
(1048, 0, 21, '0', '0', '0', '0', 'LULUS', ''),
(1049, 0, 21, '0', '0', '0', '0', 'LULUS', ''),
(1050, 0, 21, '0', '0', '0', '0', 'LULUS', ''),
(1051, 0, 21, '0', '0', '0', '0', 'LULUS', ''),
(1052, 0, 21, '0', '0', '0', '0', 'LULUS', ''),
(1053, 0, 21, '0', '0', '0', '0', 'LULUS', ''),
(1054, 0, 21, '0', '0', '0', '0', 'LULUS', ''),
(1055, 0, 21, '0', '0', '0', '0', 'LULUS', ''),
(1056, 0, 21, '0', '0', '0', '0', 'LULUS', ''),
(1057, 0, 21, '0', '0', '0', '0', 'LULUS', ''),
(1058, 0, 21, '0', '0', '0', '0', 'LULUS', ''),
(1059, 0, 21, '0', '0', '0', '0', 'LULUS', ''),
(1060, 0, 21, '0', '0', '0', '0', 'LULUS', ''),
(1061, 0, 21, '0', '0', '0', '0', 'LULUS', ''),
(1062, 0, 21, '0', '0', '0', '0', 'LULUS', ''),
(1063, 0, 21, '0', '0', '0', '0', 'LULUS', ''),
(1064, 0, 21, '0', '0', '0', '0', 'LULUS', ''),
(1065, 0, 21, '0', '0', '0', '0', 'LULUS', ''),
(1066, 0, 21, '0', '0', '0', '0', 'LULUS', ''),
(1067, 0, 21, '0', '0', '0', '0', 'LULUS', ''),
(1068, 0, 21, '0', '0', '0', '0', 'LULUS', ''),
(1069, 0, 21, '0', '0', '0', '0', 'LULUS', ''),
(1070, 0, 21, '0', '0', '0', '0', 'LULUS', ''),
(1071, 0, 21, '0', '0', '0', '0', 'LULUS', ''),
(1072, 0, 21, '0', '0', '0', '0', 'LULUS', ''),
(1073, 0, 21, '0', '0', '0', '0', 'LULUS', ''),
(1074, 0, 21, '0', '0', '0', '0', 'LULUS', ''),
(1075, 0, 21, '0', '0', '0', '0', 'LULUS', ''),
(1076, 0, 21, '0', '0', '0', '0', 'LULUS', ''),
(1077, 0, 21, '0', '0', '0', '0', 'LULUS', ''),
(1078, 0, 21, '0', '0', '0', '0', 'LULUS', ''),
(1079, 0, 21, '0', '0', '0', '0', 'LULUS', ''),
(1080, 0, 21, '0', '0', '0', '0', 'LULUS', ''),
(1081, 0, 21, '0', '0', '0', '0', 'LULUS', ''),
(1082, 0, 21, '0', '0', '0', '0', 'LULUS', ''),
(1083, 0, 21, '0', '0', '0', '0', 'LULUS', ''),
(1084, 0, 21, '0', '0', '0', '0', 'LULUS', ''),
(1085, 0, 21, '0', '0', '0', '0', 'LULUS', ''),
(1086, 0, 21, '0', '0', '0', '0', 'LULUS', ''),
(1087, 0, 21, '0', '0', '0', '0', 'LULUS', ''),
(1088, 0, 21, '0', '0', '0', '0', 'LULUS', ''),
(1089, 0, 21, '0', '0', '0', '0', 'LULUS', ''),
(1090, 0, 21, '0', '0', '0', '0', 'LULUS', ''),
(1091, 0, 21, '0', '0', '0', '0', 'LULUS', ''),
(1092, 0, 21, '0', '0', '0', '0', 'LULUS', ''),
(1093, 0, 21, '0', '0', '0', '0', 'LULUS', ''),
(1094, 0, 21, '0', '0', '0', '0', 'LULUS', ''),
(1095, 0, 21, '0', '0', '0', '0', 'LULUS', ''),
(1096, 0, 21, '0', '0', '0', '0', 'LULUS', ''),
(1097, 0, 21, '0', '0', '0', '0', 'LULUS', ''),
(1098, 0, 21, '0', '0', '0', '0', 'LULUS', ''),
(1099, 0, 21, '0', '0', '0', '0', 'LULUS', ''),
(1100, 0, 21, '0', '0', '0', '0', 'LULUS', ''),
(1101, 0, 21, '0', '0', '0', '0', 'LULUS', ''),
(1102, 0, 21, '0', '0', '0', '0', 'LULUS', ''),
(1103, 0, 21, '0', '0', '0', '0', 'LULUS', ''),
(1104, 0, 21, '0', '0', '0', '0', 'LULUS', ''),
(1105, 0, 21, '0', '0', '0', '0', 'LULUS', ''),
(1106, 0, 21, '0', '0', '0', '0', 'LULUS', ''),
(1107, 0, 21, '0', '0', '0', '0', 'LULUS', ''),
(1108, 0, 21, '0', '0', '0', '0', 'LULUS', ''),
(1109, 0, 21, '0', '0', '0', '0', 'LULUS', ''),
(1110, 0, 21, '0', '0', '0', '0', 'LULUS', ''),
(1111, 0, 21, '0', '0', '0', '0', 'LULUS', ''),
(1112, 0, 21, '0', '0', '0', '0', 'LULUS', ''),
(1113, 0, 21, '0', '0', '0', '0', 'LULUS', ''),
(1114, 0, 21, '0', '0', '0', '0', 'LULUS', ''),
(1115, 0, 21, '0', '0', '0', '0', 'LULUS', ''),
(1116, 0, 21, '0', '0', '0', '0', 'LULUS', ''),
(1117, 0, 21, '0', '0', '0', '0', 'LULUS', ''),
(1118, 0, 21, '0', '0', '0', '0', 'LULUS', ''),
(1119, 0, 21, '0', '0', '0', '0', 'LULUS', ''),
(1120, 0, 21, '0', '0', '0', '0', 'LULUS', ''),
(1121, 0, 21, '0', '0', '0', '0', 'LULUS', ''),
(1122, 0, 21, '0', '0', '0', '0', 'LULUS', ''),
(1123, 0, 21, '0', '0', '0', '0', 'LULUS', ''),
(1124, 0, 21, '0', '0', '0', '0', 'LULUS', ''),
(1125, 0, 21, '0', '0', '0', '0', 'LULUS', ''),
(1126, 0, 21, '0', '0', '0', '0', 'LULUS', ''),
(1127, 0, 21, '0', '0', '0', '0', 'LULUS', ''),
(1128, 0, 21, '0', '0', '0', '0', 'LULUS', ''),
(1129, 0, 21, '0', '0', '0', '0', 'LULUS', ''),
(1130, 0, 21, '0', '0', '0', '0', 'LULUS', ''),
(1131, 0, 21, '0', '0', '0', '0', 'LULUS', ''),
(1132, 0, 21, '0', '0', '0', '0', 'LULUS', ''),
(1133, 0, 21, '0', '0', '0', '0', 'LULUS', ''),
(1134, 0, 21, '0', '0', '0', '0', 'LULUS', ''),
(1135, 0, 21, '0', '0', '0', '0', 'LULUS', ''),
(1136, 0, 21, '0', '0', '0', '0', 'LULUS', ''),
(1137, 0, 21, '0', '0', '0', '0', 'LULUS', ''),
(1138, 0, 21, '0', '0', '0', '0', 'LULUS', ''),
(1139, 0, 21, '0', '0', '0', '0', 'LULUS', ''),
(1140, 0, 21, '0', '0', '0', '0', 'LULUS', ''),
(1141, 0, 21, '0', '0', '0', '0', 'LULUS', ''),
(1142, 0, 21, '0', '0', '0', '0', 'LULUS', ''),
(1143, 0, 21, '0', '0', '0', '0', 'LULUS', ''),
(1144, 0, 21, '0', '0', '0', '0', 'LULUS', ''),
(1145, 0, 21, '0', '0', '0', '0', 'LULUS', ''),
(1146, 0, 21, '0', '0', '0', '0', 'LULUS', ''),
(1147, 0, 21, '0', '0', '0', '0', 'LULUS', ''),
(1148, 0, 21, '0', '0', '0', '0', 'LULUS', ''),
(1149, 0, 21, '0', '0', '0', '0', 'LULUS', ''),
(1150, 0, 21, '0', '0', '0', '0', 'LULUS', ''),
(1151, 0, 21, '0', '0', '0', '0', 'LULUS', ''),
(1152, 0, 21, '0', '0', '0', '0', 'LULUS', ''),
(1153, 0, 21, '0', '0', '0', '0', 'LULUS', ''),
(1154, 0, 21, '0', '0', '0', '0', 'LULUS', ''),
(1155, 0, 21, '0', '0', '0', '0', 'LULUS', ''),
(1156, 0, 21, '0', '0', '0', '0', 'LULUS', ''),
(1157, 0, 21, '0', '0', '0', '0', 'LULUS', ''),
(1158, 0, 21, '0', '0', '0', '0', 'LULUS', ''),
(1159, 0, 21, '0', '0', '0', '0', 'LULUS', ''),
(1160, 0, 21, '0', '0', '0', '0', 'LULUS', ''),
(1161, 0, 21, '0', '0', '0', '0', 'LULUS', ''),
(1162, 0, 21, '0', '0', '0', '0', 'LULUS', ''),
(1163, 0, 21, '0', '0', '0', '0', 'LULUS', '');
INSERT INTO `hasil_ujian` (`id`, `id_ujian`, `id_siswa`, `benar`, `salah`, `kosong`, `skor`, `status`, `tgl`) VALUES
(1164, 0, 21, '0', '0', '0', '0', 'LULUS', ''),
(1165, 0, 21, '0', '0', '0', '0', 'LULUS', ''),
(1166, 0, 21, '0', '0', '0', '0', 'LULUS', ''),
(1167, 0, 21, '0', '0', '0', '0', 'LULUS', ''),
(1168, 0, 21, '0', '0', '0', '0', 'LULUS', ''),
(1169, 0, 21, '0', '0', '0', '0', 'LULUS', ''),
(1170, 0, 21, '0', '0', '0', '0', 'LULUS', ''),
(1171, 0, 21, '0', '0', '0', '0', 'LULUS', ''),
(1172, 0, 21, '0', '0', '0', '0', 'LULUS', ''),
(1173, 0, 21, '0', '0', '0', '0', 'LULUS', ''),
(1174, 0, 21, '0', '0', '0', '0', 'LULUS', ''),
(1175, 0, 21, '0', '0', '0', '0', 'LULUS', ''),
(1176, 0, 21, '0', '0', '0', '0', 'LULUS', ''),
(1177, 0, 21, '0', '0', '0', '0', 'LULUS', ''),
(1178, 0, 21, '0', '0', '0', '0', 'LULUS', ''),
(1179, 0, 21, '0', '0', '0', '0', 'LULUS', ''),
(1180, 0, 21, '0', '0', '0', '0', 'LULUS', ''),
(1181, 0, 21, '0', '0', '0', '0', 'LULUS', ''),
(1182, 0, 21, '0', '0', '0', '0', 'LULUS', ''),
(1183, 0, 21, '0', '0', '0', '0', 'LULUS', ''),
(1184, 0, 21, '0', '0', '0', '0', 'LULUS', ''),
(1185, 0, 21, '0', '0', '0', '0', 'LULUS', ''),
(1186, 0, 21, '0', '0', '0', '0', 'LULUS', ''),
(1187, 0, 21, '0', '0', '0', '0', 'LULUS', ''),
(1188, 0, 21, '0', '0', '0', '0', 'LULUS', ''),
(1189, 0, 21, '0', '0', '0', '0', 'LULUS', ''),
(1190, 0, 21, '0', '0', '0', '0', 'LULUS', ''),
(1191, 0, 21, '0', '0', '0', '0', 'LULUS', ''),
(1192, 0, 21, '0', '0', '0', '0', 'LULUS', ''),
(1193, 0, 21, '0', '0', '0', '0', 'LULUS', ''),
(1194, 0, 21, '0', '0', '0', '0', 'LULUS', ''),
(1195, 0, 21, '0', '0', '0', '0', 'LULUS', ''),
(1196, 0, 21, '0', '0', '0', '0', 'LULUS', ''),
(1197, 0, 21, '0', '0', '0', '0', 'LULUS', ''),
(1198, 0, 21, '0', '0', '0', '0', 'LULUS', ''),
(1199, 0, 21, '0', '0', '0', '0', 'LULUS', ''),
(1200, 0, 21, '0', '0', '0', '0', 'LULUS', ''),
(1201, 0, 21, '0', '0', '0', '0', 'LULUS', ''),
(1202, 0, 21, '0', '0', '0', '0', 'LULUS', ''),
(1203, 0, 21, '0', '0', '0', '0', 'LULUS', ''),
(1204, 0, 21, '0', '0', '0', '0', 'LULUS', ''),
(1205, 0, 21, '0', '0', '0', '0', 'LULUS', ''),
(1206, 0, 21, '0', '0', '0', '0', 'LULUS', ''),
(1207, 0, 21, '0', '0', '0', '0', 'LULUS', ''),
(1208, 0, 21, '0', '0', '0', '0', 'LULUS', ''),
(1209, 0, 21, '0', '0', '0', '0', 'LULUS', ''),
(1210, 0, 21, '0', '0', '0', '0', 'LULUS', ''),
(1211, 0, 21, '0', '0', '0', '0', 'LULUS', ''),
(1212, 0, 21, '0', '0', '0', '0', 'LULUS', ''),
(1213, 0, 21, '0', '0', '0', '0', 'LULUS', ''),
(1214, 0, 21, '0', '0', '0', '0', 'LULUS', ''),
(1215, 0, 21, '0', '0', '0', '0', 'LULUS', ''),
(1216, 0, 21, '0', '0', '0', '0', 'LULUS', ''),
(1217, 0, 21, '0', '0', '0', '0', 'LULUS', ''),
(1218, 0, 21, '0', '0', '0', '0', 'LULUS', ''),
(1219, 0, 21, '0', '0', '0', '0', 'LULUS', ''),
(1220, 0, 21, '0', '0', '0', '0', 'LULUS', ''),
(1221, 0, 21, '0', '0', '0', '0', 'LULUS', ''),
(1222, 0, 21, '0', '0', '0', '0', 'LULUS', ''),
(1223, 0, 21, '0', '0', '0', '0', 'LULUS', ''),
(1224, 0, 21, '0', '0', '0', '0', 'LULUS', ''),
(1225, 0, 21, '0', '0', '0', '0', 'LULUS', ''),
(1226, 0, 21, '0', '0', '0', '0', 'LULUS', ''),
(1227, 0, 21, '0', '0', '0', '0', 'LULUS', ''),
(1228, 0, 21, '0', '0', '0', '0', 'LULUS', ''),
(1229, 0, 21, '0', '0', '0', '0', 'LULUS', ''),
(1230, 0, 21, '0', '0', '0', '0', 'LULUS', ''),
(1231, 0, 21, '0', '0', '0', '0', 'LULUS', ''),
(1232, 0, 21, '0', '0', '0', '0', 'LULUS', ''),
(1233, 0, 21, '0', '0', '0', '0', 'LULUS', ''),
(1234, 0, 21, '0', '0', '0', '0', 'LULUS', ''),
(1235, 0, 21, '0', '0', '0', '0', 'LULUS', ''),
(1236, 0, 21, '0', '0', '0', '0', 'LULUS', ''),
(1237, 0, 21, '0', '0', '0', '0', 'LULUS', ''),
(1238, 0, 21, '0', '0', '0', '0', 'LULUS', ''),
(1239, 0, 21, '0', '0', '0', '0', 'LULUS', ''),
(1240, 0, 21, '0', '0', '0', '0', 'LULUS', ''),
(1241, 0, 21, '0', '0', '0', '0', 'LULUS', ''),
(1242, 0, 21, '0', '0', '0', '0', 'LULUS', ''),
(1243, 0, 21, '0', '0', '0', '0', 'LULUS', ''),
(1244, 0, 21, '0', '0', '0', '0', 'LULUS', ''),
(1245, 0, 21, '0', '0', '0', '0', 'LULUS', ''),
(1246, 0, 21, '0', '0', '0', '0', 'LULUS', ''),
(1247, 0, 21, '0', '0', '0', '0', 'LULUS', ''),
(1248, 0, 21, '0', '0', '0', '0', 'LULUS', ''),
(1249, 0, 21, '0', '0', '0', '0', 'LULUS', ''),
(1250, 0, 21, '0', '0', '0', '0', 'LULUS', ''),
(1251, 0, 21, '0', '0', '0', '0', 'LULUS', ''),
(1252, 0, 21, '0', '0', '0', '0', 'LULUS', ''),
(1253, 0, 21, '0', '0', '0', '0', 'LULUS', ''),
(1254, 0, 21, '0', '0', '0', '0', 'LULUS', ''),
(1255, 0, 21, '0', '0', '0', '0', 'LULUS', ''),
(1256, 0, 21, '0', '0', '0', '0', 'LULUS', ''),
(1257, 0, 21, '0', '0', '0', '0', 'LULUS', ''),
(1258, 0, 21, '0', '0', '0', '0', 'LULUS', ''),
(1259, 0, 21, '0', '0', '0', '0', 'LULUS', ''),
(1260, 0, 21, '0', '0', '0', '0', 'LULUS', ''),
(1261, 0, 21, '0', '0', '0', '0', 'LULUS', ''),
(1262, 0, 21, '0', '0', '0', '0', 'LULUS', ''),
(1263, 0, 21, '0', '0', '0', '0', 'LULUS', ''),
(1264, 0, 21, '0', '0', '0', '0', 'LULUS', ''),
(1265, 0, 21, '0', '0', '0', '0', 'LULUS', ''),
(1266, 0, 21, '0', '0', '0', '0', 'LULUS', ''),
(1267, 0, 21, '0', '0', '0', '0', 'LULUS', ''),
(1268, 0, 21, '0', '0', '0', '0', 'LULUS', ''),
(1269, 0, 21, '0', '0', '0', '0', 'LULUS', ''),
(1270, 0, 21, '0', '0', '0', '0', 'LULUS', ''),
(1271, 0, 21, '0', '0', '0', '0', 'LULUS', ''),
(1272, 0, 21, '0', '0', '0', '0', 'LULUS', ''),
(1273, 0, 21, '0', '0', '0', '0', 'LULUS', ''),
(1274, 0, 21, '0', '0', '0', '0', 'LULUS', ''),
(1275, 0, 21, '0', '0', '0', '0', 'LULUS', ''),
(1276, 0, 21, '0', '0', '0', '0', 'LULUS', ''),
(1277, 0, 21, '0', '0', '0', '0', 'LULUS', ''),
(1278, 0, 21, '0', '0', '0', '0', 'LULUS', ''),
(1279, 0, 21, '0', '0', '0', '0', 'LULUS', ''),
(1280, 0, 21, '0', '0', '0', '0', 'LULUS', ''),
(1281, 0, 21, '0', '0', '0', '0', 'LULUS', ''),
(1282, 0, 21, '0', '0', '0', '0', 'LULUS', ''),
(1283, 0, 21, '0', '0', '0', '0', 'LULUS', ''),
(1284, 0, 21, '0', '0', '0', '0', 'LULUS', ''),
(1285, 0, 21, '0', '0', '0', '0', 'LULUS', ''),
(1286, 0, 21, '0', '0', '0', '0', 'LULUS', ''),
(1287, 0, 21, '0', '0', '0', '0', 'LULUS', ''),
(1288, 0, 21, '0', '0', '0', '0', 'LULUS', ''),
(1289, 0, 21, '0', '0', '0', '0', 'LULUS', ''),
(1290, 0, 21, '0', '0', '0', '0', 'LULUS', ''),
(1291, 0, 21, '0', '0', '0', '0', 'LULUS', ''),
(1292, 0, 21, '0', '0', '0', '0', 'LULUS', ''),
(1293, 0, 21, '0', '0', '0', '0', 'LULUS', ''),
(1294, 0, 21, '0', '0', '0', '0', 'LULUS', ''),
(1295, 0, 21, '0', '0', '0', '0', 'LULUS', ''),
(1296, 0, 21, '0', '0', '0', '0', 'LULUS', ''),
(1297, 0, 21, '0', '0', '0', '0', 'LULUS', ''),
(1298, 0, 21, '0', '0', '0', '0', 'LULUS', ''),
(1299, 0, 21, '0', '0', '0', '0', 'LULUS', ''),
(1300, 0, 21, '0', '0', '0', '0', 'LULUS', ''),
(1301, 0, 21, '0', '0', '0', '0', 'LULUS', ''),
(1302, 0, 21, '0', '0', '0', '0', 'LULUS', ''),
(1303, 0, 21, '0', '0', '0', '0', 'LULUS', ''),
(1304, 0, 21, '0', '0', '0', '0', 'LULUS', ''),
(1305, 0, 21, '0', '0', '0', '0', 'LULUS', ''),
(1306, 0, 21, '0', '0', '0', '0', 'LULUS', ''),
(1307, 0, 21, '0', '0', '0', '0', 'LULUS', ''),
(1308, 0, 21, '0', '0', '0', '0', 'LULUS', ''),
(1309, 0, 21, '0', '0', '0', '0', 'LULUS', ''),
(1310, 0, 21, '0', '0', '0', '0', 'LULUS', ''),
(1311, 0, 21, '0', '0', '0', '0', 'LULUS', ''),
(1312, 0, 21, '0', '0', '0', '0', 'LULUS', ''),
(1313, 0, 21, '0', '0', '0', '0', 'LULUS', ''),
(1314, 0, 21, '0', '0', '0', '0', 'LULUS', ''),
(1315, 0, 21, '0', '0', '0', '0', 'LULUS', ''),
(1316, 0, 21, '0', '0', '0', '0', 'LULUS', ''),
(1317, 0, 21, '0', '0', '0', '0', 'LULUS', ''),
(1318, 0, 21, '0', '0', '0', '0', 'LULUS', ''),
(1319, 0, 21, '0', '0', '0', '0', 'LULUS', ''),
(1320, 0, 21, '0', '0', '0', '0', 'LULUS', ''),
(1321, 0, 21, '0', '0', '0', '0', 'LULUS', ''),
(1322, 0, 21, '0', '0', '0', '0', 'LULUS', ''),
(1323, 0, 21, '0', '0', '0', '0', 'LULUS', ''),
(1324, 0, 21, '0', '0', '0', '0', 'LULUS', ''),
(1325, 0, 21, '0', '0', '0', '0', 'LULUS', ''),
(1326, 0, 21, '0', '0', '0', '0', 'LULUS', ''),
(1327, 0, 21, '0', '0', '0', '0', 'LULUS', ''),
(1328, 0, 21, '0', '0', '0', '0', 'LULUS', ''),
(1329, 0, 21, '0', '0', '0', '0', 'LULUS', ''),
(1330, 0, 21, '0', '0', '0', '0', 'LULUS', ''),
(1331, 0, 21, '0', '0', '0', '0', 'LULUS', ''),
(1332, 0, 21, '0', '0', '0', '0', 'LULUS', ''),
(1333, 0, 21, '0', '0', '0', '0', 'LULUS', ''),
(1334, 0, 21, '0', '0', '0', '0', 'LULUS', ''),
(1335, 0, 21, '0', '0', '0', '0', 'LULUS', ''),
(1336, 0, 21, '0', '0', '0', '0', 'LULUS', ''),
(1337, 0, 21, '0', '0', '0', '0', 'LULUS', ''),
(1338, 0, 21, '0', '0', '0', '0', 'LULUS', ''),
(1339, 0, 21, '0', '0', '0', '0', 'LULUS', ''),
(1340, 0, 21, '0', '0', '0', '0', 'LULUS', ''),
(1341, 0, 21, '0', '0', '0', '0', 'LULUS', ''),
(1342, 0, 21, '0', '0', '0', '0', 'LULUS', ''),
(1343, 0, 21, '0', '0', '0', '0', 'LULUS', ''),
(1344, 0, 21, '0', '0', '0', '0', 'LULUS', ''),
(1345, 0, 21, '0', '0', '0', '0', 'LULUS', ''),
(1346, 0, 21, '0', '0', '0', '0', 'LULUS', ''),
(1347, 0, 21, '0', '0', '0', '0', 'LULUS', ''),
(1348, 0, 21, '0', '0', '0', '0', 'LULUS', ''),
(1349, 0, 21, '0', '0', '0', '0', 'LULUS', ''),
(1350, 0, 21, '0', '0', '0', '0', 'LULUS', ''),
(1351, 0, 21, '0', '0', '0', '0', 'LULUS', ''),
(1352, 0, 21, '0', '0', '0', '0', 'LULUS', ''),
(1353, 0, 21, '0', '0', '0', '0', 'LULUS', ''),
(1354, 0, 21, '0', '0', '0', '0', 'LULUS', ''),
(1355, 0, 21, '0', '0', '0', '0', 'LULUS', ''),
(1356, 0, 21, '0', '0', '0', '0', 'LULUS', ''),
(1357, 0, 21, '0', '0', '0', '0', 'LULUS', ''),
(1358, 0, 21, '0', '0', '0', '0', 'LULUS', ''),
(1359, 0, 21, '0', '0', '0', '0', 'LULUS', ''),
(1360, 0, 21, '0', '0', '0', '0', 'LULUS', ''),
(1361, 0, 21, '0', '0', '0', '0', 'LULUS', ''),
(1362, 0, 21, '0', '0', '0', '0', 'LULUS', ''),
(1363, 0, 21, '0', '0', '0', '0', 'LULUS', ''),
(1364, 0, 21, '0', '0', '0', '0', 'LULUS', ''),
(1365, 0, 21, '0', '0', '0', '0', 'LULUS', ''),
(1366, 0, 21, '0', '0', '0', '0', 'LULUS', ''),
(1367, 0, 21, '0', '0', '0', '0', 'LULUS', ''),
(1368, 0, 21, '0', '0', '0', '0', 'LULUS', ''),
(1369, 0, 21, '0', '0', '0', '0', 'LULUS', ''),
(1370, 0, 21, '0', '0', '0', '0', 'LULUS', ''),
(1371, 0, 21, '0', '0', '0', '0', 'LULUS', ''),
(1372, 0, 21, '0', '0', '0', '0', 'LULUS', ''),
(1373, 0, 21, '0', '0', '0', '0', 'LULUS', ''),
(1374, 0, 21, '0', '0', '0', '0', 'LULUS', ''),
(1375, 0, 21, '0', '0', '0', '0', 'LULUS', ''),
(1376, 0, 21, '0', '0', '0', '0', 'LULUS', ''),
(1377, 0, 21, '0', '0', '0', '0', 'LULUS', ''),
(1378, 0, 21, '0', '0', '0', '0', 'LULUS', ''),
(1379, 0, 21, '0', '0', '0', '0', 'LULUS', ''),
(1380, 0, 21, '0', '0', '0', '0', 'LULUS', ''),
(1381, 0, 21, '0', '0', '0', '0', 'LULUS', ''),
(1382, 0, 21, '0', '0', '0', '0', 'LULUS', ''),
(1383, 0, 21, '0', '0', '0', '0', 'LULUS', ''),
(1384, 0, 21, '0', '0', '0', '0', 'LULUS', ''),
(1385, 0, 21, '0', '0', '0', '0', 'LULUS', ''),
(1386, 0, 21, '0', '0', '0', '0', 'LULUS', ''),
(1387, 0, 21, '0', '0', '0', '0', 'LULUS', ''),
(1388, 0, 21, '0', '0', '0', '0', 'LULUS', ''),
(1389, 0, 21, '0', '0', '0', '0', 'LULUS', ''),
(1390, 0, 21, '0', '0', '0', '0', 'LULUS', ''),
(1391, 0, 21, '0', '0', '0', '0', 'LULUS', ''),
(1392, 0, 21, '0', '0', '0', '0', 'LULUS', ''),
(1393, 0, 21, '0', '0', '0', '0', 'LULUS', ''),
(1394, 0, 21, '0', '0', '0', '0', 'LULUS', ''),
(1395, 0, 21, '0', '0', '0', '0', 'LULUS', ''),
(1396, 0, 21, '0', '0', '0', '0', 'LULUS', ''),
(1397, 0, 21, '0', '0', '0', '0', 'LULUS', ''),
(1398, 0, 21, '0', '0', '0', '0', 'LULUS', ''),
(1399, 0, 21, '0', '0', '0', '0', 'LULUS', ''),
(1400, 0, 21, '0', '0', '0', '0', 'LULUS', ''),
(1401, 0, 21, '0', '0', '0', '0', 'LULUS', ''),
(1402, 0, 21, '0', '0', '0', '0', 'LULUS', ''),
(1403, 0, 21, '0', '0', '0', '0', 'LULUS', ''),
(1404, 0, 21, '0', '0', '0', '0', 'LULUS', ''),
(1405, 0, 21, '0', '0', '0', '0', 'LULUS', ''),
(1406, 0, 21, '0', '0', '0', '0', 'LULUS', ''),
(1407, 0, 21, '0', '0', '0', '0', 'LULUS', ''),
(1408, 0, 21, '0', '0', '0', '0', 'LULUS', ''),
(1409, 0, 21, '0', '0', '0', '0', 'LULUS', ''),
(1410, 0, 21, '0', '0', '0', '0', 'LULUS', ''),
(1411, 0, 21, '0', '0', '0', '0', 'LULUS', ''),
(1412, 0, 21, '0', '0', '0', '0', 'LULUS', ''),
(1413, 0, 21, '0', '0', '0', '0', 'LULUS', ''),
(1414, 0, 21, '0', '0', '0', '0', 'LULUS', ''),
(1415, 0, 21, '0', '0', '0', '0', 'LULUS', ''),
(1416, 0, 21, '0', '0', '0', '0', 'LULUS', ''),
(1417, 0, 21, '0', '0', '0', '0', 'LULUS', ''),
(1418, 0, 21, '0', '0', '0', '0', 'LULUS', ''),
(1419, 0, 21, '0', '0', '0', '0', 'LULUS', ''),
(1420, 0, 21, '0', '0', '0', '0', 'LULUS', ''),
(1421, 0, 21, '0', '0', '0', '0', 'LULUS', ''),
(1422, 0, 21, '0', '0', '0', '0', 'LULUS', ''),
(1423, 0, 21, '0', '0', '0', '0', 'LULUS', ''),
(1424, 0, 21, '0', '0', '0', '0', 'LULUS', ''),
(1425, 0, 21, '0', '0', '0', '0', 'LULUS', ''),
(1426, 0, 21, '0', '0', '0', '0', 'LULUS', ''),
(1427, 0, 21, '0', '0', '0', '0', 'LULUS', ''),
(1428, 0, 21, '0', '0', '0', '0', 'LULUS', ''),
(1429, 0, 21, '0', '0', '0', '0', 'LULUS', ''),
(1430, 0, 21, '0', '0', '0', '0', 'LULUS', ''),
(1431, 0, 21, '0', '0', '0', '0', 'LULUS', ''),
(1432, 0, 21, '0', '0', '0', '0', 'LULUS', ''),
(1433, 0, 21, '0', '0', '0', '0', 'LULUS', ''),
(1434, 0, 21, '0', '0', '0', '0', 'LULUS', ''),
(1435, 0, 21, '0', '0', '0', '0', 'LULUS', ''),
(1436, 0, 21, '0', '0', '0', '0', 'LULUS', ''),
(1437, 0, 21, '0', '0', '0', '0', 'LULUS', ''),
(1438, 0, 21, '0', '0', '0', '0', 'LULUS', ''),
(1439, 0, 21, '0', '0', '0', '0', 'LULUS', ''),
(1440, 0, 21, '0', '0', '0', '0', 'LULUS', ''),
(1441, 0, 21, '0', '0', '0', '0', 'LULUS', ''),
(1442, 0, 21, '0', '0', '0', '0', 'LULUS', ''),
(1443, 0, 21, '0', '0', '0', '0', 'LULUS', ''),
(1444, 0, 21, '0', '0', '0', '0', 'LULUS', ''),
(1445, 0, 21, '0', '0', '0', '0', 'LULUS', ''),
(1446, 0, 21, '0', '0', '0', '0', 'LULUS', ''),
(1447, 0, 21, '0', '0', '0', '0', 'LULUS', ''),
(1448, 0, 21, '0', '0', '0', '0', 'LULUS', ''),
(1449, 0, 21, '0', '0', '0', '0', 'LULUS', ''),
(1450, 0, 21, '0', '0', '0', '0', 'LULUS', ''),
(1451, 0, 21, '0', '0', '0', '0', 'LULUS', ''),
(1452, 0, 21, '0', '0', '0', '0', 'LULUS', ''),
(1453, 0, 21, '0', '0', '0', '0', 'LULUS', ''),
(1454, 0, 21, '0', '0', '0', '0', 'LULUS', ''),
(1455, 0, 21, '0', '0', '0', '0', 'LULUS', ''),
(1456, 0, 21, '0', '0', '0', '0', 'LULUS', ''),
(1457, 0, 21, '0', '0', '0', '0', 'LULUS', ''),
(1458, 0, 21, '0', '0', '0', '0', 'LULUS', ''),
(1459, 0, 21, '0', '0', '0', '0', 'LULUS', ''),
(1460, 0, 21, '0', '0', '0', '0', 'LULUS', ''),
(1461, 0, 21, '0', '0', '0', '0', 'LULUS', ''),
(1462, 0, 21, '0', '0', '0', '0', 'LULUS', ''),
(1463, 0, 21, '0', '0', '0', '0', 'LULUS', ''),
(1464, 0, 21, '0', '0', '0', '0', 'LULUS', ''),
(1465, 0, 21, '0', '0', '0', '0', 'LULUS', ''),
(1466, 0, 21, '0', '0', '0', '0', 'LULUS', ''),
(1467, 0, 21, '0', '0', '0', '0', 'LULUS', ''),
(1468, 0, 21, '0', '0', '0', '0', 'LULUS', ''),
(1469, 0, 21, '0', '0', '0', '0', 'LULUS', ''),
(1470, 0, 21, '0', '0', '0', '0', 'LULUS', ''),
(1471, 0, 21, '0', '0', '0', '0', 'LULUS', ''),
(1472, 0, 21, '0', '0', '0', '0', 'LULUS', ''),
(1473, 0, 21, '0', '0', '0', '0', 'LULUS', ''),
(1474, 0, 21, '0', '0', '0', '0', 'LULUS', ''),
(1475, 0, 21, '0', '0', '0', '0', 'LULUS', ''),
(1476, 0, 21, '0', '0', '0', '0', 'LULUS', ''),
(1477, 0, 21, '0', '0', '0', '0', 'LULUS', ''),
(1478, 0, 21, '0', '0', '0', '0', 'LULUS', ''),
(1479, 0, 21, '0', '0', '0', '0', 'LULUS', ''),
(1480, 0, 21, '0', '0', '0', '0', 'LULUS', ''),
(1481, 0, 21, '0', '0', '0', '0', 'LULUS', ''),
(1482, 0, 21, '0', '0', '0', '0', 'LULUS', ''),
(1483, 0, 21, '0', '0', '0', '0', 'LULUS', ''),
(1484, 0, 21, '0', '0', '0', '0', 'LULUS', ''),
(1485, 0, 21, '0', '0', '0', '0', 'LULUS', ''),
(1486, 0, 21, '0', '0', '0', '0', 'LULUS', ''),
(1487, 0, 21, '0', '0', '0', '0', 'LULUS', ''),
(1488, 0, 21, '0', '0', '0', '0', 'LULUS', ''),
(1489, 0, 21, '0', '0', '0', '0', 'LULUS', ''),
(1490, 0, 21, '0', '0', '0', '0', 'LULUS', ''),
(1491, 0, 21, '0', '0', '0', '0', 'LULUS', ''),
(1492, 0, 21, '0', '0', '0', '0', 'LULUS', ''),
(1493, 0, 21, '0', '0', '0', '0', 'LULUS', ''),
(1494, 0, 21, '0', '0', '0', '0', 'LULUS', ''),
(1495, 0, 21, '0', '0', '0', '0', 'LULUS', ''),
(1496, 0, 21, '0', '0', '0', '0', 'LULUS', ''),
(1497, 0, 21, '0', '0', '0', '0', 'LULUS', ''),
(1498, 0, 21, '0', '0', '0', '0', 'LULUS', ''),
(1499, 0, 21, '0', '0', '0', '0', 'LULUS', ''),
(1500, 0, 21, '0', '0', '0', '0', 'LULUS', ''),
(1501, 0, 21, '0', '0', '0', '0', 'LULUS', ''),
(1502, 0, 21, '0', '0', '0', '0', 'LULUS', ''),
(1503, 0, 21, '0', '0', '0', '0', 'LULUS', ''),
(1504, 0, 21, '0', '0', '0', '0', 'LULUS', ''),
(1505, 0, 21, '0', '0', '0', '0', 'LULUS', ''),
(1506, 0, 21, '0', '0', '0', '0', 'LULUS', ''),
(1507, 0, 21, '0', '0', '0', '0', 'LULUS', ''),
(1508, 0, 21, '0', '0', '0', '0', 'LULUS', ''),
(1509, 0, 21, '0', '0', '0', '0', 'LULUS', ''),
(1510, 0, 21, '0', '0', '0', '0', 'LULUS', ''),
(1511, 0, 21, '0', '0', '0', '0', 'LULUS', ''),
(1512, 0, 21, '0', '0', '0', '0', 'LULUS', ''),
(1513, 0, 21, '0', '0', '0', '0', 'LULUS', ''),
(1514, 0, 21, '0', '0', '0', '0', 'LULUS', ''),
(1515, 0, 21, '0', '0', '0', '0', 'LULUS', ''),
(1516, 0, 21, '0', '0', '0', '0', 'LULUS', ''),
(1517, 0, 21, '0', '0', '0', '0', 'LULUS', ''),
(1518, 0, 21, '0', '0', '0', '0', 'LULUS', ''),
(1519, 0, 21, '0', '0', '0', '0', 'LULUS', ''),
(1520, 0, 21, '0', '0', '0', '0', 'LULUS', ''),
(1521, 0, 21, '0', '0', '0', '0', 'LULUS', ''),
(1522, 0, 21, '0', '0', '0', '0', 'LULUS', ''),
(1523, 0, 21, '0', '0', '0', '0', 'LULUS', ''),
(1524, 0, 21, '0', '0', '0', '0', 'LULUS', ''),
(1525, 0, 21, '0', '0', '0', '0', 'LULUS', ''),
(1526, 0, 21, '0', '0', '0', '0', 'LULUS', ''),
(1527, 0, 21, '0', '0', '0', '0', 'LULUS', ''),
(1528, 0, 21, '0', '0', '0', '0', 'LULUS', ''),
(1529, 0, 21, '0', '0', '0', '0', 'LULUS', ''),
(1530, 0, 21, '0', '0', '0', '0', 'LULUS', ''),
(1531, 0, 21, '0', '0', '0', '0', 'LULUS', ''),
(1532, 0, 21, '0', '0', '0', '0', 'LULUS', ''),
(1533, 0, 21, '0', '0', '0', '0', 'LULUS', ''),
(1534, 0, 21, '0', '0', '0', '0', 'LULUS', ''),
(1535, 0, 21, '0', '0', '0', '0', 'LULUS', ''),
(1536, 0, 21, '0', '0', '0', '0', 'LULUS', ''),
(1537, 0, 21, '0', '0', '0', '0', 'LULUS', ''),
(1538, 0, 21, '0', '0', '0', '0', 'LULUS', ''),
(1539, 0, 21, '0', '0', '0', '0', 'LULUS', ''),
(1540, 0, 21, '0', '0', '0', '0', 'LULUS', ''),
(1541, 0, 21, '0', '0', '0', '0', 'LULUS', ''),
(1542, 0, 21, '0', '0', '0', '0', 'LULUS', ''),
(1543, 0, 21, '0', '0', '0', '0', 'LULUS', ''),
(1544, 0, 21, '0', '0', '0', '0', 'LULUS', ''),
(1545, 0, 21, '0', '0', '0', '0', 'LULUS', ''),
(1546, 0, 21, '0', '0', '0', '0', 'LULUS', ''),
(1547, 0, 21, '0', '0', '0', '0', 'LULUS', ''),
(1548, 0, 21, '0', '0', '0', '0', 'LULUS', ''),
(1549, 0, 21, '0', '0', '0', '0', 'LULUS', ''),
(1550, 0, 21, '0', '0', '0', '0', 'LULUS', ''),
(1551, 0, 21, '0', '0', '0', '0', 'LULUS', ''),
(1552, 0, 21, '0', '0', '0', '0', 'LULUS', ''),
(1553, 0, 21, '0', '0', '0', '0', 'LULUS', ''),
(1554, 0, 21, '0', '0', '0', '0', 'LULUS', ''),
(1555, 0, 21, '0', '0', '0', '0', 'LULUS', ''),
(1556, 0, 21, '0', '0', '0', '0', 'LULUS', ''),
(1557, 0, 21, '0', '0', '0', '0', 'LULUS', ''),
(1558, 0, 21, '0', '0', '0', '0', 'LULUS', ''),
(1559, 0, 21, '0', '0', '0', '0', 'LULUS', ''),
(1560, 0, 21, '0', '0', '0', '0', 'LULUS', ''),
(1561, 0, 21, '0', '0', '0', '0', 'LULUS', ''),
(1562, 0, 21, '0', '0', '0', '0', 'LULUS', ''),
(1563, 0, 21, '0', '0', '0', '0', 'LULUS', ''),
(1564, 0, 21, '0', '0', '0', '0', 'LULUS', ''),
(1565, 0, 21, '0', '0', '0', '0', 'LULUS', ''),
(1566, 0, 21, '0', '0', '0', '0', 'LULUS', ''),
(1567, 0, 21, '0', '0', '0', '0', 'LULUS', ''),
(1568, 0, 21, '0', '0', '0', '0', 'LULUS', ''),
(1569, 0, 21, '0', '0', '0', '0', 'LULUS', ''),
(1570, 0, 21, '0', '0', '0', '0', 'LULUS', ''),
(1571, 0, 21, '0', '0', '0', '0', 'LULUS', ''),
(1572, 0, 21, '0', '0', '0', '0', 'LULUS', ''),
(1573, 0, 21, '0', '0', '0', '0', 'LULUS', ''),
(1574, 0, 21, '0', '0', '0', '0', 'LULUS', ''),
(1575, 0, 21, '0', '0', '0', '0', 'LULUS', ''),
(1576, 0, 21, '0', '0', '0', '0', 'LULUS', ''),
(1577, 0, 21, '0', '0', '0', '0', 'LULUS', ''),
(1578, 0, 21, '0', '0', '0', '0', 'LULUS', ''),
(1579, 0, 21, '0', '0', '0', '0', 'LULUS', ''),
(1580, 0, 21, '0', '0', '0', '0', 'LULUS', ''),
(1581, 0, 21, '0', '0', '0', '0', 'LULUS', ''),
(1582, 0, 21, '0', '0', '0', '0', 'LULUS', ''),
(1583, 0, 21, '0', '0', '0', '0', 'LULUS', ''),
(1584, 0, 21, '0', '0', '0', '0', 'LULUS', ''),
(1585, 0, 21, '0', '0', '0', '0', 'LULUS', ''),
(1586, 0, 21, '0', '0', '0', '0', 'LULUS', ''),
(1587, 0, 21, '0', '0', '0', '0', 'LULUS', ''),
(1588, 0, 21, '0', '0', '0', '0', 'LULUS', ''),
(1589, 0, 21, '0', '0', '0', '0', 'LULUS', ''),
(1590, 0, 21, '0', '0', '0', '0', 'LULUS', ''),
(1591, 0, 21, '0', '0', '0', '0', 'LULUS', ''),
(1592, 0, 21, '0', '0', '0', '0', 'LULUS', ''),
(1593, 0, 21, '0', '0', '0', '0', 'LULUS', ''),
(1594, 0, 21, '0', '0', '0', '0', 'LULUS', ''),
(1595, 0, 21, '0', '0', '0', '0', 'LULUS', ''),
(1596, 0, 21, '0', '0', '0', '0', 'LULUS', ''),
(1597, 0, 21, '0', '0', '0', '0', 'LULUS', ''),
(1598, 0, 21, '0', '0', '0', '0', 'LULUS', ''),
(1599, 0, 21, '0', '0', '0', '0', 'LULUS', ''),
(1600, 0, 21, '0', '0', '0', '0', 'LULUS', ''),
(1601, 0, 21, '0', '0', '0', '0', 'LULUS', ''),
(1602, 0, 21, '0', '0', '0', '0', 'LULUS', ''),
(1603, 0, 21, '0', '0', '0', '0', 'LULUS', ''),
(1604, 0, 21, '0', '0', '0', '0', 'LULUS', ''),
(1605, 0, 21, '0', '0', '0', '0', 'LULUS', ''),
(1606, 0, 21, '0', '0', '0', '0', 'LULUS', ''),
(1607, 0, 21, '0', '0', '0', '0', 'LULUS', ''),
(1608, 0, 21, '0', '0', '0', '0', 'LULUS', ''),
(1609, 0, 21, '0', '0', '0', '0', 'LULUS', ''),
(1610, 0, 21, '0', '0', '0', '0', 'LULUS', ''),
(1611, 0, 21, '0', '0', '0', '0', 'LULUS', ''),
(1612, 0, 21, '0', '0', '0', '0', 'LULUS', ''),
(1613, 0, 21, '0', '0', '0', '0', 'LULUS', ''),
(1614, 0, 21, '0', '0', '0', '0', 'LULUS', ''),
(1615, 0, 21, '0', '0', '0', '0', 'LULUS', ''),
(1616, 0, 21, '0', '0', '0', '0', 'LULUS', ''),
(1617, 0, 21, '0', '0', '0', '0', 'LULUS', ''),
(1618, 0, 21, '0', '0', '0', '0', 'LULUS', ''),
(1619, 0, 21, '0', '0', '0', '0', 'LULUS', ''),
(1620, 0, 21, '0', '0', '0', '0', 'LULUS', ''),
(1621, 0, 21, '0', '0', '0', '0', 'LULUS', ''),
(1622, 0, 21, '0', '0', '0', '0', 'LULUS', ''),
(1623, 0, 21, '0', '0', '0', '0', 'LULUS', ''),
(1624, 0, 21, '0', '0', '0', '0', 'LULUS', ''),
(1625, 0, 21, '0', '0', '0', '0', 'LULUS', ''),
(1626, 0, 21, '0', '0', '0', '0', 'LULUS', ''),
(1627, 0, 21, '0', '0', '0', '0', 'LULUS', ''),
(1628, 0, 21, '0', '0', '0', '0', 'LULUS', ''),
(1629, 0, 21, '0', '0', '0', '0', 'LULUS', ''),
(1630, 0, 21, '0', '0', '0', '0', 'LULUS', ''),
(1631, 0, 21, '0', '0', '0', '0', 'LULUS', ''),
(1632, 0, 21, '0', '0', '0', '0', 'LULUS', ''),
(1633, 0, 21, '0', '0', '0', '0', 'LULUS', ''),
(1634, 0, 21, '0', '0', '0', '0', 'LULUS', ''),
(1635, 0, 21, '0', '0', '0', '0', 'LULUS', ''),
(1636, 0, 21, '0', '0', '0', '0', 'LULUS', ''),
(1637, 0, 21, '0', '0', '0', '0', 'LULUS', ''),
(1638, 0, 21, '0', '0', '0', '0', 'LULUS', ''),
(1639, 0, 21, '0', '0', '0', '0', 'LULUS', ''),
(1640, 0, 21, '0', '0', '0', '0', 'LULUS', ''),
(1641, 0, 21, '0', '0', '0', '0', 'LULUS', ''),
(1642, 0, 21, '0', '0', '0', '0', 'LULUS', ''),
(1643, 0, 21, '0', '0', '0', '0', 'LULUS', ''),
(1644, 0, 21, '0', '0', '0', '0', 'LULUS', ''),
(1645, 0, 21, '0', '0', '0', '0', 'LULUS', ''),
(1646, 0, 21, '0', '0', '0', '0', 'LULUS', ''),
(1647, 0, 21, '0', '0', '0', '0', 'LULUS', ''),
(1648, 0, 21, '0', '0', '0', '0', 'LULUS', ''),
(1649, 0, 21, '0', '0', '0', '0', 'LULUS', ''),
(1650, 0, 21, '0', '0', '0', '0', 'LULUS', ''),
(1651, 0, 21, '0', '0', '0', '0', 'LULUS', ''),
(1652, 0, 21, '0', '0', '0', '0', 'LULUS', ''),
(1653, 0, 21, '0', '0', '0', '0', 'LULUS', ''),
(1654, 0, 21, '0', '0', '0', '0', 'LULUS', ''),
(1655, 0, 21, '0', '0', '0', '0', 'LULUS', ''),
(1656, 0, 21, '0', '0', '0', '0', 'LULUS', ''),
(1657, 0, 21, '0', '0', '0', '0', 'LULUS', ''),
(1658, 0, 21, '0', '0', '0', '0', 'LULUS', ''),
(1659, 0, 21, '0', '0', '0', '0', 'LULUS', ''),
(1660, 0, 21, '0', '0', '0', '0', 'LULUS', ''),
(1661, 0, 21, '0', '0', '0', '0', 'LULUS', ''),
(1662, 0, 21, '0', '0', '0', '0', 'LULUS', ''),
(1663, 0, 21, '0', '0', '0', '0', 'LULUS', ''),
(1664, 0, 21, '0', '0', '0', '0', 'LULUS', ''),
(1665, 0, 21, '0', '0', '0', '0', 'LULUS', ''),
(1666, 0, 21, '0', '0', '0', '0', 'LULUS', ''),
(1667, 0, 21, '0', '0', '0', '0', 'LULUS', ''),
(1668, 0, 21, '0', '0', '0', '0', 'LULUS', ''),
(1669, 0, 21, '0', '0', '0', '0', 'LULUS', ''),
(1670, 0, 21, '0', '0', '0', '0', 'LULUS', ''),
(1671, 0, 21, '0', '0', '0', '0', 'LULUS', ''),
(1672, 0, 21, '0', '0', '0', '0', 'LULUS', ''),
(1673, 0, 21, '0', '0', '0', '0', 'LULUS', ''),
(1674, 0, 21, '0', '0', '0', '0', 'LULUS', ''),
(1675, 0, 21, '0', '0', '0', '0', 'LULUS', ''),
(1676, 0, 21, '0', '0', '0', '0', 'LULUS', ''),
(1677, 0, 21, '0', '0', '0', '0', 'LULUS', ''),
(1678, 0, 21, '0', '0', '0', '0', 'LULUS', ''),
(1679, 0, 21, '0', '0', '0', '0', 'LULUS', ''),
(1680, 0, 21, '0', '0', '0', '0', 'LULUS', ''),
(1681, 0, 21, '0', '0', '0', '0', 'LULUS', ''),
(1682, 0, 21, '0', '0', '0', '0', 'LULUS', ''),
(1683, 0, 21, '0', '0', '0', '0', 'LULUS', ''),
(1684, 0, 21, '0', '0', '0', '0', 'LULUS', ''),
(1685, 0, 21, '0', '0', '0', '0', 'LULUS', ''),
(1686, 0, 21, '0', '0', '0', '0', 'LULUS', ''),
(1687, 0, 21, '0', '0', '0', '0', 'LULUS', ''),
(1688, 0, 21, '0', '0', '0', '0', 'LULUS', ''),
(1689, 0, 21, '0', '0', '0', '0', 'LULUS', ''),
(1690, 0, 21, '0', '0', '0', '0', 'LULUS', ''),
(1691, 0, 21, '0', '0', '0', '0', 'LULUS', ''),
(1692, 0, 21, '0', '0', '0', '0', 'LULUS', ''),
(1693, 0, 21, '0', '0', '0', '0', 'LULUS', ''),
(1694, 0, 21, '0', '0', '0', '0', 'LULUS', ''),
(1695, 0, 21, '0', '0', '0', '0', 'LULUS', ''),
(1696, 0, 21, '0', '0', '0', '0', 'LULUS', ''),
(1697, 0, 21, '0', '0', '0', '0', 'LULUS', ''),
(1698, 0, 21, '0', '0', '0', '0', 'LULUS', ''),
(1699, 0, 21, '0', '0', '0', '0', 'LULUS', ''),
(1700, 0, 21, '0', '0', '0', '0', 'LULUS', ''),
(1701, 0, 21, '0', '0', '0', '0', 'LULUS', ''),
(1702, 0, 21, '0', '0', '0', '0', 'LULUS', ''),
(1703, 0, 21, '0', '0', '0', '0', 'LULUS', ''),
(1704, 0, 21, '0', '0', '0', '0', 'LULUS', ''),
(1705, 0, 21, '0', '0', '0', '0', 'LULUS', ''),
(1706, 0, 21, '0', '0', '0', '0', 'LULUS', ''),
(1707, 0, 21, '0', '0', '0', '0', 'LULUS', ''),
(1708, 0, 21, '0', '0', '0', '0', 'LULUS', ''),
(1709, 0, 21, '0', '0', '0', '0', 'LULUS', ''),
(1710, 0, 21, '0', '0', '0', '0', 'LULUS', ''),
(1711, 0, 21, '0', '0', '0', '0', 'LULUS', ''),
(1712, 0, 21, '0', '0', '0', '0', 'LULUS', ''),
(1713, 0, 21, '0', '0', '0', '0', 'LULUS', ''),
(1714, 0, 21, '0', '0', '0', '0', 'LULUS', ''),
(1715, 0, 21, '0', '0', '0', '0', 'LULUS', ''),
(1716, 0, 21, '0', '0', '0', '0', 'LULUS', ''),
(1717, 0, 21, '0', '0', '0', '0', 'LULUS', ''),
(1718, 0, 21, '0', '0', '0', '0', 'LULUS', ''),
(1719, 0, 21, '0', '0', '0', '0', 'LULUS', ''),
(1720, 0, 21, '0', '0', '0', '0', 'LULUS', ''),
(1721, 0, 21, '0', '0', '0', '0', 'LULUS', ''),
(1722, 0, 21, '0', '0', '0', '0', 'LULUS', ''),
(1723, 0, 21, '0', '0', '0', '0', 'LULUS', ''),
(1724, 0, 21, '0', '0', '0', '0', 'LULUS', ''),
(1725, 0, 21, '0', '0', '0', '0', 'LULUS', ''),
(1726, 0, 21, '0', '0', '0', '0', 'LULUS', ''),
(1727, 0, 21, '0', '0', '0', '0', 'LULUS', ''),
(1728, 0, 21, '0', '0', '0', '0', 'LULUS', ''),
(1729, 0, 21, '0', '0', '0', '0', 'LULUS', ''),
(1730, 0, 21, '0', '0', '0', '0', 'LULUS', ''),
(1731, 0, 21, '0', '0', '0', '0', 'LULUS', ''),
(1732, 0, 21, '0', '0', '0', '0', 'LULUS', ''),
(1733, 0, 21, '0', '0', '0', '0', 'LULUS', ''),
(1734, 0, 21, '0', '0', '0', '0', 'LULUS', ''),
(1735, 0, 21, '0', '0', '0', '0', 'LULUS', ''),
(1736, 0, 21, '0', '0', '0', '0', 'LULUS', ''),
(1737, 0, 21, '0', '0', '0', '0', 'LULUS', ''),
(1738, 0, 21, '0', '0', '0', '0', 'LULUS', ''),
(1739, 0, 21, '0', '0', '0', '0', 'LULUS', ''),
(1740, 0, 21, '0', '0', '0', '0', 'LULUS', ''),
(1741, 0, 21, '0', '0', '0', '0', 'LULUS', ''),
(1742, 0, 21, '0', '0', '0', '0', 'LULUS', ''),
(1743, 0, 21, '0', '0', '0', '0', 'LULUS', ''),
(1744, 0, 21, '0', '0', '0', '0', 'LULUS', ''),
(1745, 0, 21, '0', '0', '0', '0', 'LULUS', ''),
(1746, 0, 21, '0', '0', '0', '0', 'LULUS', ''),
(1747, 0, 21, '0', '0', '0', '0', 'LULUS', ''),
(1748, 0, 21, '0', '0', '0', '0', 'LULUS', ''),
(1749, 0, 21, '0', '0', '0', '0', 'LULUS', ''),
(1750, 0, 21, '0', '0', '0', '0', 'LULUS', ''),
(1751, 0, 21, '0', '0', '0', '0', 'LULUS', ''),
(1752, 0, 21, '0', '0', '0', '0', 'LULUS', ''),
(1753, 0, 21, '0', '0', '0', '0', 'LULUS', ''),
(1754, 0, 21, '0', '0', '0', '0', 'LULUS', ''),
(1755, 0, 21, '0', '0', '0', '0', 'LULUS', ''),
(1756, 0, 21, '0', '0', '0', '0', 'LULUS', ''),
(1757, 0, 21, '0', '0', '0', '0', 'LULUS', ''),
(1758, 0, 21, '0', '0', '0', '0', 'LULUS', ''),
(1759, 0, 21, '0', '0', '0', '0', 'LULUS', ''),
(1760, 0, 21, '0', '0', '0', '0', 'LULUS', ''),
(1761, 0, 21, '0', '0', '0', '0', 'LULUS', ''),
(1762, 0, 21, '0', '0', '0', '0', 'LULUS', ''),
(1763, 0, 21, '0', '0', '0', '0', 'LULUS', ''),
(1764, 0, 21, '0', '0', '0', '0', 'LULUS', ''),
(1765, 0, 21, '0', '0', '0', '0', 'LULUS', ''),
(1766, 0, 21, '0', '0', '0', '0', 'LULUS', ''),
(1767, 0, 21, '0', '0', '0', '0', 'LULUS', ''),
(1768, 0, 21, '0', '0', '0', '0', 'LULUS', ''),
(1769, 0, 21, '0', '0', '0', '0', 'LULUS', ''),
(1770, 0, 21, '0', '0', '0', '0', 'LULUS', ''),
(1771, 0, 21, '0', '0', '0', '0', 'LULUS', ''),
(1772, 0, 21, '0', '0', '0', '0', 'LULUS', ''),
(1773, 0, 21, '0', '0', '0', '0', 'LULUS', ''),
(1774, 0, 21, '0', '0', '0', '0', 'LULUS', ''),
(1775, 0, 21, '0', '0', '0', '0', 'LULUS', ''),
(1776, 0, 21, '0', '0', '0', '0', 'LULUS', ''),
(1777, 0, 21, '0', '0', '0', '0', 'LULUS', ''),
(1778, 0, 21, '0', '0', '0', '0', 'LULUS', ''),
(1779, 0, 21, '0', '0', '0', '0', 'LULUS', ''),
(1780, 0, 21, '0', '0', '0', '0', 'LULUS', ''),
(1781, 0, 21, '0', '0', '0', '0', 'LULUS', ''),
(1782, 0, 21, '0', '0', '0', '0', 'LULUS', ''),
(1783, 0, 21, '0', '0', '0', '0', 'LULUS', ''),
(1784, 0, 21, '0', '0', '0', '0', 'LULUS', ''),
(1785, 0, 21, '0', '0', '0', '0', 'LULUS', ''),
(1786, 0, 21, '0', '0', '0', '0', 'LULUS', ''),
(1787, 0, 21, '0', '0', '0', '0', 'LULUS', ''),
(1788, 0, 21, '0', '0', '0', '0', 'LULUS', ''),
(1789, 0, 21, '0', '0', '0', '0', 'LULUS', ''),
(1790, 0, 21, '0', '0', '0', '0', 'LULUS', ''),
(1791, 0, 21, '0', '0', '0', '0', 'LULUS', ''),
(1792, 0, 21, '0', '0', '0', '0', 'LULUS', ''),
(1793, 0, 21, '0', '0', '0', '0', 'LULUS', ''),
(1794, 0, 21, '0', '0', '0', '0', 'LULUS', ''),
(1795, 0, 21, '0', '0', '0', '0', 'LULUS', ''),
(1796, 0, 21, '0', '0', '0', '0', 'LULUS', ''),
(1797, 0, 21, '0', '0', '0', '0', 'LULUS', ''),
(1798, 0, 21, '0', '0', '0', '0', 'LULUS', ''),
(1799, 0, 21, '0', '0', '0', '0', 'LULUS', ''),
(1800, 0, 21, '0', '0', '0', '0', 'LULUS', ''),
(1801, 0, 21, '0', '0', '0', '0', 'LULUS', ''),
(1802, 0, 21, '0', '0', '0', '0', 'LULUS', ''),
(1803, 0, 21, '0', '0', '0', '0', 'LULUS', ''),
(1804, 0, 21, '0', '0', '0', '0', 'LULUS', ''),
(1805, 0, 21, '0', '0', '0', '0', 'LULUS', ''),
(1806, 0, 21, '0', '0', '0', '0', 'LULUS', ''),
(1807, 0, 21, '0', '0', '0', '0', 'LULUS', ''),
(1808, 0, 21, '0', '0', '0', '0', 'LULUS', ''),
(1809, 0, 21, '0', '0', '0', '0', 'LULUS', ''),
(1810, 0, 21, '0', '0', '0', '0', 'LULUS', ''),
(1811, 0, 21, '0', '0', '0', '0', 'LULUS', ''),
(1812, 0, 21, '0', '0', '0', '0', 'LULUS', ''),
(1813, 0, 21, '0', '0', '0', '0', 'LULUS', ''),
(1814, 0, 21, '0', '0', '0', '0', 'LULUS', ''),
(1815, 0, 21, '0', '0', '0', '0', 'LULUS', ''),
(1816, 0, 21, '0', '0', '0', '0', 'LULUS', ''),
(1817, 0, 21, '0', '0', '0', '0', 'LULUS', ''),
(1818, 0, 21, '0', '0', '0', '0', 'LULUS', ''),
(1819, 0, 21, '0', '0', '0', '0', 'LULUS', ''),
(1820, 0, 21, '0', '0', '0', '0', 'LULUS', ''),
(1821, 0, 21, '0', '0', '0', '0', 'LULUS', ''),
(1822, 0, 21, '0', '0', '0', '0', 'LULUS', ''),
(1823, 0, 21, '0', '0', '0', '0', 'LULUS', ''),
(1824, 0, 21, '0', '0', '0', '0', 'LULUS', ''),
(1825, 0, 21, '0', '0', '0', '0', 'LULUS', ''),
(1826, 0, 21, '0', '0', '0', '0', 'LULUS', ''),
(1827, 0, 21, '0', '0', '0', '0', 'LULUS', ''),
(1828, 0, 21, '0', '0', '0', '0', 'LULUS', ''),
(1829, 0, 21, '0', '0', '0', '0', 'LULUS', ''),
(1830, 0, 21, '0', '0', '0', '0', 'LULUS', ''),
(1831, 0, 21, '0', '0', '0', '0', 'LULUS', ''),
(1832, 0, 21, '0', '0', '0', '0', 'LULUS', ''),
(1833, 0, 21, '0', '0', '0', '0', 'LULUS', ''),
(1834, 0, 21, '0', '0', '0', '0', 'LULUS', ''),
(1835, 0, 21, '0', '0', '0', '0', 'LULUS', ''),
(1836, 0, 21, '0', '0', '0', '0', 'LULUS', ''),
(1837, 0, 21, '0', '0', '0', '0', 'LULUS', ''),
(1838, 0, 21, '0', '0', '0', '0', 'LULUS', ''),
(1839, 0, 21, '0', '0', '0', '0', 'LULUS', ''),
(1840, 0, 21, '0', '0', '0', '0', 'LULUS', ''),
(1841, 0, 21, '0', '0', '0', '0', 'LULUS', ''),
(1842, 0, 21, '0', '0', '0', '0', 'LULUS', ''),
(1843, 0, 21, '0', '0', '0', '0', 'LULUS', ''),
(1844, 0, 21, '0', '0', '0', '0', 'LULUS', ''),
(1845, 0, 21, '0', '0', '0', '0', 'LULUS', ''),
(1846, 0, 21, '0', '0', '0', '0', 'LULUS', ''),
(1847, 0, 21, '0', '0', '0', '0', 'LULUS', ''),
(1848, 0, 21, '0', '0', '0', '0', 'LULUS', ''),
(1849, 0, 21, '0', '0', '0', '0', 'LULUS', ''),
(1850, 0, 21, '0', '0', '0', '0', 'LULUS', ''),
(1851, 0, 21, '0', '0', '0', '0', 'LULUS', ''),
(1852, 0, 21, '0', '0', '0', '0', 'LULUS', ''),
(1853, 0, 21, '0', '0', '0', '0', 'LULUS', ''),
(1854, 0, 21, '0', '0', '0', '0', 'LULUS', ''),
(1855, 0, 21, '0', '0', '0', '0', 'LULUS', ''),
(1856, 0, 21, '0', '0', '0', '0', 'LULUS', ''),
(1857, 0, 21, '0', '0', '0', '0', 'LULUS', ''),
(1858, 0, 21, '0', '0', '0', '0', 'LULUS', ''),
(1859, 0, 21, '0', '0', '0', '0', 'LULUS', ''),
(1860, 0, 21, '0', '0', '0', '0', 'LULUS', ''),
(1861, 0, 21, '0', '0', '0', '0', 'LULUS', ''),
(1862, 0, 21, '0', '0', '0', '0', 'LULUS', ''),
(1863, 0, 21, '0', '0', '0', '0', 'LULUS', ''),
(1864, 0, 21, '0', '0', '0', '0', 'LULUS', ''),
(1865, 0, 21, '0', '0', '0', '0', 'LULUS', ''),
(1866, 0, 21, '0', '0', '0', '0', 'LULUS', ''),
(1867, 0, 21, '0', '0', '0', '0', 'LULUS', ''),
(1868, 0, 21, '0', '0', '0', '0', 'LULUS', ''),
(1869, 0, 21, '0', '0', '0', '0', 'LULUS', ''),
(1870, 0, 21, '0', '0', '0', '0', 'LULUS', ''),
(1871, 0, 21, '0', '0', '0', '0', 'LULUS', ''),
(1872, 0, 21, '0', '0', '0', '0', 'LULUS', ''),
(1873, 0, 21, '0', '0', '0', '0', 'LULUS', ''),
(1874, 0, 21, '0', '0', '0', '0', 'LULUS', ''),
(1875, 0, 21, '0', '0', '0', '0', 'LULUS', ''),
(1876, 0, 21, '0', '0', '0', '0', 'LULUS', ''),
(1877, 0, 21, '0', '0', '0', '0', 'LULUS', ''),
(1878, 0, 21, '0', '0', '0', '0', 'LULUS', ''),
(1879, 0, 21, '0', '0', '0', '0', 'LULUS', ''),
(1880, 0, 21, '0', '0', '0', '0', 'LULUS', ''),
(1881, 0, 21, '0', '0', '0', '0', 'LULUS', ''),
(1882, 0, 21, '0', '0', '0', '0', 'LULUS', ''),
(1883, 0, 21, '0', '0', '0', '0', 'LULUS', ''),
(1884, 0, 21, '0', '0', '0', '0', 'LULUS', ''),
(1885, 0, 21, '0', '0', '0', '0', 'LULUS', ''),
(1886, 0, 21, '0', '0', '0', '0', 'LULUS', ''),
(1887, 0, 21, '0', '0', '0', '0', 'LULUS', ''),
(1888, 0, 21, '0', '0', '0', '0', 'LULUS', ''),
(1889, 0, 21, '0', '0', '0', '0', 'LULUS', ''),
(1890, 0, 21, '0', '0', '0', '0', 'LULUS', ''),
(1891, 0, 21, '0', '0', '0', '0', 'LULUS', ''),
(1892, 0, 21, '0', '0', '0', '0', 'LULUS', ''),
(1893, 0, 21, '0', '0', '0', '0', 'LULUS', ''),
(1894, 0, 21, '0', '0', '0', '0', 'LULUS', ''),
(1895, 0, 21, '0', '0', '0', '0', 'LULUS', ''),
(1896, 0, 21, '0', '0', '0', '0', 'LULUS', ''),
(1897, 0, 21, '0', '0', '0', '0', 'LULUS', ''),
(1898, 0, 21, '0', '0', '0', '0', 'LULUS', ''),
(1899, 0, 21, '0', '0', '0', '0', 'LULUS', ''),
(1900, 0, 21, '0', '0', '0', '0', 'LULUS', ''),
(1901, 0, 21, '0', '0', '0', '0', 'LULUS', ''),
(1902, 0, 21, '0', '0', '0', '0', 'LULUS', ''),
(1903, 0, 21, '0', '0', '0', '0', 'LULUS', ''),
(1904, 0, 21, '0', '0', '0', '0', 'LULUS', ''),
(1905, 0, 21, '0', '0', '0', '0', 'LULUS', ''),
(1906, 0, 21, '0', '0', '0', '0', 'LULUS', ''),
(1907, 0, 21, '0', '0', '0', '0', 'LULUS', ''),
(1908, 0, 21, '0', '0', '0', '0', 'LULUS', ''),
(1909, 0, 21, '0', '0', '0', '0', 'LULUS', ''),
(1910, 0, 21, '0', '0', '0', '0', 'LULUS', ''),
(1911, 0, 21, '0', '0', '0', '0', 'LULUS', ''),
(1912, 0, 21, '0', '0', '0', '0', 'LULUS', ''),
(1913, 0, 21, '0', '0', '0', '0', 'LULUS', ''),
(1914, 0, 21, '0', '0', '0', '0', 'LULUS', ''),
(1915, 0, 21, '0', '0', '0', '0', 'LULUS', ''),
(1916, 0, 21, '0', '0', '0', '0', 'LULUS', ''),
(1917, 0, 21, '0', '0', '0', '0', 'LULUS', ''),
(1918, 0, 21, '0', '0', '0', '0', 'LULUS', ''),
(1919, 0, 21, '0', '0', '0', '0', 'LULUS', ''),
(1920, 0, 21, '0', '0', '0', '0', 'LULUS', ''),
(1921, 0, 21, '0', '0', '0', '0', 'LULUS', ''),
(1922, 0, 21, '0', '0', '0', '0', 'LULUS', ''),
(1923, 0, 21, '0', '0', '0', '0', 'LULUS', ''),
(1924, 0, 21, '0', '0', '0', '0', 'LULUS', ''),
(1925, 0, 21, '0', '0', '0', '0', 'LULUS', ''),
(1926, 0, 21, '0', '0', '0', '0', 'LULUS', ''),
(1927, 0, 21, '0', '0', '0', '0', 'LULUS', ''),
(1928, 0, 21, '0', '0', '0', '0', 'LULUS', ''),
(1929, 0, 21, '0', '0', '0', '0', 'LULUS', ''),
(1930, 0, 21, '0', '0', '0', '0', 'LULUS', ''),
(1931, 0, 21, '0', '0', '0', '0', 'LULUS', ''),
(1932, 0, 21, '0', '0', '0', '0', 'LULUS', ''),
(1933, 0, 21, '0', '0', '0', '0', 'LULUS', ''),
(1934, 0, 21, '0', '0', '0', '0', 'LULUS', ''),
(1935, 0, 21, '0', '0', '0', '0', 'LULUS', ''),
(1936, 0, 21, '0', '0', '0', '0', 'LULUS', ''),
(1937, 0, 21, '0', '0', '0', '0', 'LULUS', ''),
(1938, 0, 21, '0', '0', '0', '0', 'LULUS', ''),
(1939, 0, 21, '0', '0', '0', '0', 'LULUS', ''),
(1940, 0, 21, '0', '0', '0', '0', 'LULUS', ''),
(1941, 0, 21, '0', '0', '0', '0', 'LULUS', ''),
(1942, 0, 21, '0', '0', '0', '0', 'LULUS', ''),
(1943, 0, 21, '0', '0', '0', '0', 'LULUS', ''),
(1944, 0, 21, '0', '0', '0', '0', 'LULUS', ''),
(1945, 0, 21, '0', '0', '0', '0', 'LULUS', ''),
(1946, 0, 21, '0', '0', '0', '0', 'LULUS', ''),
(1947, 0, 21, '0', '0', '0', '0', 'LULUS', ''),
(1948, 0, 21, '0', '0', '0', '0', 'LULUS', ''),
(1949, 0, 21, '0', '0', '0', '0', 'LULUS', ''),
(1950, 0, 21, '0', '0', '0', '0', 'LULUS', ''),
(1951, 0, 21, '0', '0', '0', '0', 'LULUS', ''),
(1952, 0, 21, '0', '0', '0', '0', 'LULUS', ''),
(1953, 0, 21, '0', '0', '0', '0', 'LULUS', ''),
(1954, 0, 21, '0', '0', '0', '0', 'LULUS', ''),
(1955, 0, 21, '0', '0', '0', '0', 'LULUS', ''),
(1956, 0, 21, '0', '0', '0', '0', 'LULUS', ''),
(1957, 0, 21, '0', '0', '0', '0', 'LULUS', ''),
(1958, 0, 21, '0', '0', '0', '0', 'LULUS', ''),
(1959, 0, 21, '0', '0', '0', '0', 'LULUS', ''),
(1960, 0, 21, '0', '0', '0', '0', 'LULUS', ''),
(1961, 0, 21, '0', '0', '0', '0', 'LULUS', ''),
(1962, 0, 21, '0', '0', '0', '0', 'LULUS', ''),
(1963, 0, 21, '0', '0', '0', '0', 'LULUS', ''),
(1964, 0, 21, '0', '0', '0', '0', 'LULUS', ''),
(1965, 0, 21, '0', '0', '0', '0', 'LULUS', ''),
(1966, 0, 21, '0', '0', '0', '0', 'LULUS', ''),
(1967, 0, 21, '0', '0', '0', '0', 'LULUS', ''),
(1968, 0, 21, '0', '0', '0', '0', 'LULUS', ''),
(1969, 0, 21, '0', '0', '0', '0', 'LULUS', ''),
(1970, 0, 21, '0', '0', '0', '0', 'LULUS', ''),
(1971, 0, 21, '0', '0', '0', '0', 'LULUS', ''),
(1972, 0, 21, '0', '0', '0', '0', 'LULUS', ''),
(1973, 0, 21, '0', '0', '0', '0', 'LULUS', ''),
(1974, 0, 21, '0', '0', '0', '0', 'LULUS', ''),
(1975, 0, 21, '0', '0', '0', '0', 'LULUS', ''),
(1976, 0, 21, '0', '0', '0', '0', 'LULUS', ''),
(1977, 0, 21, '0', '0', '0', '0', 'LULUS', ''),
(1978, 0, 21, '0', '0', '0', '0', 'LULUS', ''),
(1979, 0, 21, '0', '0', '0', '0', 'LULUS', ''),
(1980, 0, 21, '0', '0', '0', '0', 'LULUS', ''),
(1981, 0, 21, '0', '0', '0', '0', 'LULUS', ''),
(1982, 0, 21, '0', '0', '0', '0', 'LULUS', ''),
(1983, 0, 21, '0', '0', '0', '0', 'LULUS', ''),
(1984, 0, 21, '0', '0', '0', '0', 'LULUS', ''),
(1985, 0, 21, '0', '0', '0', '0', 'LULUS', ''),
(1986, 0, 21, '0', '0', '0', '0', 'LULUS', ''),
(1987, 0, 21, '0', '0', '0', '0', 'LULUS', ''),
(1988, 0, 21, '0', '0', '0', '0', 'LULUS', ''),
(1989, 0, 21, '0', '0', '0', '0', 'LULUS', ''),
(1990, 0, 21, '0', '0', '0', '0', 'LULUS', ''),
(1991, 0, 21, '0', '0', '0', '0', 'LULUS', ''),
(1992, 0, 21, '0', '0', '0', '0', 'LULUS', ''),
(1993, 0, 21, '0', '0', '0', '0', 'LULUS', ''),
(1994, 0, 21, '0', '0', '0', '0', 'LULUS', ''),
(1995, 0, 21, '0', '0', '0', '0', 'LULUS', ''),
(1996, 0, 21, '0', '0', '0', '0', 'LULUS', ''),
(1997, 0, 21, '0', '0', '0', '0', 'LULUS', ''),
(1998, 0, 21, '0', '0', '0', '0', 'LULUS', ''),
(1999, 0, 21, '0', '0', '0', '0', 'LULUS', ''),
(2000, 0, 21, '0', '0', '0', '0', 'LULUS', ''),
(2001, 0, 21, '0', '0', '0', '0', 'LULUS', ''),
(2002, 0, 21, '0', '0', '0', '0', 'LULUS', ''),
(2003, 0, 21, '0', '0', '0', '0', 'LULUS', ''),
(2004, 0, 21, '0', '0', '0', '0', 'LULUS', ''),
(2005, 0, 21, '0', '0', '0', '0', 'LULUS', ''),
(2006, 0, 21, '0', '0', '0', '0', 'LULUS', ''),
(2007, 0, 21, '0', '0', '0', '0', 'LULUS', ''),
(2008, 0, 21, '0', '0', '0', '0', 'LULUS', ''),
(2009, 0, 21, '0', '0', '0', '0', 'LULUS', ''),
(2010, 0, 21, '0', '0', '0', '0', 'LULUS', ''),
(2011, 0, 21, '0', '0', '0', '0', 'LULUS', ''),
(2012, 0, 21, '0', '0', '0', '0', 'LULUS', ''),
(2013, 0, 21, '0', '0', '0', '0', 'LULUS', ''),
(2014, 0, 21, '0', '0', '0', '0', 'LULUS', ''),
(2015, 0, 21, '0', '0', '0', '0', 'LULUS', ''),
(2016, 0, 21, '0', '0', '0', '0', 'LULUS', ''),
(2017, 0, 21, '0', '0', '0', '0', 'LULUS', ''),
(2018, 0, 21, '0', '0', '0', '0', 'LULUS', ''),
(2019, 0, 21, '0', '0', '0', '0', 'LULUS', ''),
(2020, 0, 21, '0', '0', '0', '0', 'LULUS', ''),
(2021, 0, 21, '0', '0', '0', '0', 'LULUS', ''),
(2022, 0, 21, '0', '0', '0', '0', 'LULUS', ''),
(2023, 0, 21, '0', '0', '0', '0', 'LULUS', ''),
(2024, 0, 21, '0', '0', '0', '0', 'LULUS', ''),
(2025, 0, 21, '0', '0', '0', '0', 'LULUS', ''),
(2026, 0, 21, '0', '0', '0', '0', 'LULUS', ''),
(2027, 0, 21, '0', '0', '0', '0', 'LULUS', ''),
(2028, 0, 21, '0', '0', '0', '0', 'LULUS', ''),
(2029, 0, 21, '0', '0', '0', '0', 'LULUS', ''),
(2030, 0, 21, '0', '0', '0', '0', 'LULUS', ''),
(2031, 0, 21, '0', '0', '0', '0', 'LULUS', ''),
(2032, 0, 21, '0', '0', '0', '0', 'LULUS', ''),
(2033, 0, 21, '0', '0', '0', '0', 'LULUS', ''),
(2034, 0, 21, '0', '0', '0', '0', 'LULUS', ''),
(2035, 0, 21, '0', '0', '0', '0', 'LULUS', ''),
(2036, 0, 21, '0', '0', '0', '0', 'LULUS', ''),
(2037, 0, 21, '0', '0', '0', '0', 'LULUS', ''),
(2038, 0, 21, '0', '0', '0', '0', 'LULUS', ''),
(2039, 0, 21, '0', '0', '0', '0', 'LULUS', ''),
(2040, 0, 21, '0', '0', '0', '0', 'LULUS', ''),
(2041, 0, 21, '0', '0', '0', '0', 'LULUS', ''),
(2042, 0, 21, '0', '0', '0', '0', 'LULUS', ''),
(2043, 0, 21, '0', '0', '0', '0', 'LULUS', ''),
(2044, 0, 21, '0', '0', '0', '0', 'LULUS', ''),
(2045, 0, 21, '0', '0', '0', '0', 'LULUS', ''),
(2046, 0, 21, '0', '0', '0', '0', 'LULUS', ''),
(2047, 0, 21, '0', '0', '0', '0', 'LULUS', ''),
(2048, 0, 21, '0', '0', '0', '0', 'LULUS', ''),
(2049, 0, 21, '0', '0', '0', '0', 'LULUS', ''),
(2050, 0, 21, '0', '0', '0', '0', 'LULUS', ''),
(2051, 0, 21, '0', '0', '0', '0', 'LULUS', ''),
(2052, 0, 21, '0', '0', '0', '0', 'LULUS', ''),
(2053, 0, 21, '0', '0', '0', '0', 'LULUS', ''),
(2054, 0, 21, '0', '0', '0', '0', 'LULUS', ''),
(2055, 0, 21, '0', '0', '0', '0', 'LULUS', ''),
(2056, 0, 21, '0', '0', '0', '0', 'LULUS', ''),
(2057, 0, 21, '0', '0', '0', '0', 'LULUS', ''),
(2058, 0, 21, '0', '0', '0', '0', 'LULUS', ''),
(2059, 0, 21, '0', '0', '0', '0', 'LULUS', ''),
(2060, 0, 21, '0', '0', '0', '0', 'LULUS', ''),
(2061, 0, 21, '0', '0', '0', '0', 'LULUS', ''),
(2062, 0, 21, '0', '0', '0', '0', 'LULUS', ''),
(2063, 0, 21, '0', '0', '0', '0', 'LULUS', ''),
(2064, 0, 21, '0', '0', '0', '0', 'LULUS', ''),
(2065, 0, 21, '0', '0', '0', '0', 'LULUS', ''),
(2066, 0, 21, '0', '0', '0', '0', 'LULUS', ''),
(2067, 0, 21, '0', '0', '0', '0', 'LULUS', ''),
(2068, 0, 21, '0', '0', '0', '0', 'LULUS', ''),
(2069, 0, 21, '0', '0', '0', '0', 'LULUS', ''),
(2070, 0, 21, '0', '0', '0', '0', 'LULUS', ''),
(2071, 0, 21, '0', '0', '0', '0', 'LULUS', ''),
(2072, 0, 21, '0', '0', '0', '0', 'LULUS', ''),
(2073, 0, 21, '0', '0', '0', '0', 'LULUS', ''),
(2074, 0, 21, '0', '0', '0', '0', 'LULUS', ''),
(2075, 0, 21, '0', '0', '0', '0', 'LULUS', ''),
(2076, 0, 21, '0', '0', '0', '0', 'LULUS', ''),
(2077, 0, 21, '0', '0', '0', '0', 'LULUS', ''),
(2078, 0, 21, '0', '0', '0', '0', 'LULUS', ''),
(2079, 0, 21, '0', '0', '0', '0', 'LULUS', ''),
(2080, 0, 21, '0', '0', '0', '0', 'LULUS', ''),
(2081, 0, 21, '0', '0', '0', '0', 'LULUS', ''),
(2082, 0, 21, '0', '0', '0', '0', 'LULUS', ''),
(2083, 0, 21, '0', '0', '0', '0', 'LULUS', ''),
(2084, 0, 21, '0', '0', '0', '0', 'LULUS', ''),
(2085, 0, 21, '0', '0', '0', '0', 'LULUS', ''),
(2086, 0, 21, '0', '0', '0', '0', 'LULUS', ''),
(2087, 0, 21, '0', '0', '0', '0', 'LULUS', ''),
(2088, 0, 21, '0', '0', '0', '0', 'LULUS', ''),
(2089, 0, 21, '0', '0', '0', '0', 'LULUS', ''),
(2090, 0, 21, '0', '0', '0', '0', 'LULUS', ''),
(2091, 0, 21, '0', '0', '0', '0', 'LULUS', ''),
(2092, 0, 21, '0', '0', '0', '0', 'LULUS', ''),
(2093, 0, 21, '0', '0', '0', '0', 'LULUS', ''),
(2094, 0, 21, '0', '0', '0', '0', 'LULUS', ''),
(2095, 0, 21, '0', '0', '0', '0', 'LULUS', ''),
(2096, 0, 21, '0', '0', '0', '0', 'LULUS', ''),
(2097, 0, 21, '0', '0', '0', '0', 'LULUS', ''),
(2098, 0, 21, '0', '0', '0', '0', 'LULUS', ''),
(2099, 0, 21, '0', '0', '0', '0', 'LULUS', ''),
(2100, 0, 21, '0', '0', '0', '0', 'LULUS', ''),
(2101, 0, 21, '0', '0', '0', '0', 'LULUS', ''),
(2102, 0, 21, '0', '0', '0', '0', 'LULUS', ''),
(2103, 0, 21, '0', '0', '0', '0', 'LULUS', ''),
(2104, 0, 21, '0', '0', '0', '0', 'LULUS', ''),
(2105, 0, 21, '0', '0', '0', '0', 'LULUS', ''),
(2106, 0, 21, '0', '0', '0', '0', 'LULUS', ''),
(2107, 0, 21, '0', '0', '0', '0', 'LULUS', ''),
(2108, 0, 21, '0', '0', '0', '0', 'LULUS', ''),
(2109, 0, 21, '0', '0', '0', '0', 'LULUS', ''),
(2110, 0, 21, '0', '0', '0', '0', 'LULUS', ''),
(2111, 0, 21, '0', '0', '0', '0', 'LULUS', ''),
(2112, 0, 21, '0', '0', '0', '0', 'LULUS', ''),
(2113, 0, 21, '0', '0', '0', '0', 'LULUS', ''),
(2114, 0, 21, '0', '0', '0', '0', 'LULUS', ''),
(2115, 0, 21, '0', '0', '0', '0', 'LULUS', ''),
(2116, 0, 21, '0', '0', '0', '0', 'LULUS', ''),
(2117, 0, 21, '0', '0', '0', '0', 'LULUS', ''),
(2118, 0, 21, '0', '0', '0', '0', 'LULUS', ''),
(2119, 0, 21, '0', '0', '0', '0', 'LULUS', ''),
(2120, 0, 21, '0', '0', '0', '0', 'LULUS', ''),
(2121, 0, 21, '0', '0', '0', '0', 'LULUS', ''),
(2122, 0, 21, '0', '0', '0', '0', 'LULUS', ''),
(2123, 0, 21, '0', '0', '0', '0', 'LULUS', ''),
(2124, 0, 21, '0', '0', '0', '0', 'LULUS', ''),
(2125, 0, 21, '0', '0', '0', '0', 'LULUS', ''),
(2126, 0, 21, '0', '0', '0', '0', 'LULUS', ''),
(2127, 0, 21, '0', '0', '0', '0', 'LULUS', ''),
(2128, 0, 21, '0', '0', '0', '0', 'LULUS', ''),
(2129, 0, 21, '0', '0', '0', '0', 'LULUS', ''),
(2130, 0, 21, '0', '0', '0', '0', 'LULUS', ''),
(2131, 0, 21, '0', '0', '0', '0', 'LULUS', ''),
(2132, 0, 21, '0', '0', '0', '0', 'LULUS', ''),
(2133, 0, 21, '0', '0', '0', '0', 'LULUS', ''),
(2134, 0, 21, '0', '0', '0', '0', 'LULUS', ''),
(2135, 0, 21, '0', '0', '0', '0', 'LULUS', ''),
(2136, 0, 21, '0', '0', '0', '0', 'LULUS', ''),
(2137, 0, 21, '0', '0', '0', '0', 'LULUS', ''),
(2138, 0, 21, '0', '0', '0', '0', 'LULUS', ''),
(2139, 0, 21, '0', '0', '0', '0', 'LULUS', ''),
(2140, 0, 21, '0', '0', '0', '0', 'LULUS', ''),
(2141, 0, 21, '0', '0', '0', '0', 'LULUS', ''),
(2142, 0, 21, '0', '0', '0', '0', 'LULUS', ''),
(2143, 0, 21, '0', '0', '0', '0', 'LULUS', ''),
(2144, 0, 21, '0', '0', '0', '0', 'LULUS', ''),
(2145, 0, 21, '0', '0', '0', '0', 'LULUS', ''),
(2146, 0, 21, '0', '0', '0', '0', 'LULUS', ''),
(2147, 0, 21, '0', '0', '0', '0', 'LULUS', ''),
(2148, 0, 21, '0', '0', '0', '0', 'LULUS', ''),
(2149, 0, 21, '0', '0', '0', '0', 'LULUS', ''),
(2150, 0, 21, '0', '0', '0', '0', 'LULUS', ''),
(2151, 0, 21, '0', '0', '0', '0', 'LULUS', ''),
(2152, 0, 21, '0', '0', '0', '0', 'LULUS', ''),
(2153, 0, 21, '0', '0', '0', '0', 'LULUS', ''),
(2154, 0, 21, '0', '0', '0', '0', 'LULUS', ''),
(2155, 0, 21, '0', '0', '0', '0', 'LULUS', ''),
(2156, 0, 21, '0', '0', '0', '0', 'LULUS', ''),
(2157, 0, 21, '0', '0', '0', '0', 'LULUS', ''),
(2158, 0, 21, '0', '0', '0', '0', 'LULUS', ''),
(2159, 0, 21, '0', '0', '0', '0', 'LULUS', ''),
(2160, 0, 21, '0', '0', '0', '0', 'LULUS', ''),
(2161, 0, 21, '0', '0', '0', '0', 'LULUS', ''),
(2162, 0, 21, '0', '0', '0', '0', 'LULUS', ''),
(2163, 0, 21, '0', '0', '0', '0', 'LULUS', ''),
(2164, 0, 21, '0', '0', '0', '0', 'LULUS', ''),
(2165, 0, 21, '0', '0', '0', '0', 'LULUS', ''),
(2166, 0, 21, '0', '0', '0', '0', 'LULUS', ''),
(2167, 0, 21, '0', '0', '0', '0', 'LULUS', ''),
(2168, 0, 21, '0', '0', '0', '0', 'LULUS', ''),
(2169, 0, 21, '0', '0', '0', '0', 'LULUS', ''),
(2170, 0, 21, '0', '0', '0', '0', 'LULUS', ''),
(2171, 0, 21, '0', '0', '0', '0', 'LULUS', ''),
(2172, 0, 21, '0', '0', '0', '0', 'LULUS', ''),
(2173, 0, 21, '0', '0', '0', '0', 'LULUS', ''),
(2174, 0, 21, '0', '0', '0', '0', 'LULUS', ''),
(2175, 0, 21, '0', '0', '0', '0', 'LULUS', ''),
(2176, 0, 21, '0', '0', '0', '0', 'LULUS', ''),
(2177, 0, 21, '0', '0', '0', '0', 'LULUS', ''),
(2178, 0, 21, '0', '0', '0', '0', 'LULUS', ''),
(2179, 0, 21, '0', '0', '0', '0', 'LULUS', ''),
(2180, 0, 21, '0', '0', '0', '0', 'LULUS', ''),
(2181, 0, 21, '0', '0', '0', '0', 'LULUS', ''),
(2182, 0, 21, '0', '0', '0', '0', 'LULUS', ''),
(2183, 0, 21, '0', '0', '0', '0', 'LULUS', ''),
(2184, 0, 21, '0', '0', '0', '0', 'LULUS', ''),
(2185, 0, 21, '0', '0', '0', '0', 'LULUS', ''),
(2186, 0, 21, '0', '0', '0', '0', 'LULUS', ''),
(2187, 0, 21, '0', '0', '0', '0', 'LULUS', ''),
(2188, 0, 21, '0', '0', '0', '0', 'LULUS', ''),
(2189, 0, 21, '0', '0', '0', '0', 'LULUS', ''),
(2190, 0, 21, '0', '0', '0', '0', 'LULUS', ''),
(2191, 0, 21, '0', '0', '0', '0', 'LULUS', ''),
(2192, 0, 21, '0', '0', '0', '0', 'LULUS', ''),
(2193, 0, 21, '0', '0', '0', '0', 'LULUS', ''),
(2194, 0, 21, '0', '0', '0', '0', 'LULUS', ''),
(2195, 0, 21, '0', '0', '0', '0', 'LULUS', ''),
(2196, 0, 21, '0', '0', '0', '0', 'LULUS', ''),
(2197, 0, 21, '0', '0', '0', '0', 'LULUS', ''),
(2198, 0, 21, '0', '0', '0', '0', 'LULUS', ''),
(2199, 0, 21, '0', '0', '0', '0', 'LULUS', ''),
(2200, 0, 21, '0', '0', '0', '0', 'LULUS', ''),
(2201, 0, 21, '0', '0', '0', '0', 'LULUS', ''),
(2202, 0, 21, '0', '0', '0', '0', 'LULUS', ''),
(2203, 0, 21, '0', '0', '0', '0', 'LULUS', ''),
(2204, 0, 21, '0', '0', '0', '0', 'LULUS', ''),
(2205, 0, 21, '0', '0', '0', '0', 'LULUS', ''),
(2206, 0, 21, '0', '0', '0', '0', 'LULUS', ''),
(2207, 0, 21, '0', '0', '0', '0', 'LULUS', ''),
(2208, 0, 21, '0', '0', '0', '0', 'LULUS', ''),
(2209, 0, 21, '0', '0', '0', '0', 'LULUS', ''),
(2210, 0, 21, '0', '0', '0', '0', 'LULUS', ''),
(2211, 0, 21, '0', '0', '0', '0', 'LULUS', ''),
(2212, 0, 21, '0', '0', '0', '0', 'LULUS', ''),
(2213, 0, 21, '0', '0', '0', '0', 'LULUS', ''),
(2214, 0, 21, '0', '0', '0', '0', 'LULUS', ''),
(2215, 0, 21, '0', '0', '0', '0', 'LULUS', ''),
(2216, 0, 21, '0', '0', '0', '0', 'LULUS', ''),
(2217, 0, 21, '0', '0', '0', '0', 'LULUS', ''),
(2218, 0, 21, '0', '0', '0', '0', 'LULUS', ''),
(2219, 0, 21, '0', '0', '0', '0', 'LULUS', ''),
(2220, 0, 21, '0', '0', '0', '0', 'LULUS', ''),
(2221, 0, 21, '0', '0', '0', '0', 'LULUS', ''),
(2222, 0, 21, '0', '0', '0', '0', 'LULUS', ''),
(2223, 0, 21, '0', '0', '0', '0', 'LULUS', ''),
(2224, 0, 21, '0', '0', '0', '0', 'LULUS', ''),
(2225, 0, 21, '0', '0', '0', '0', 'LULUS', ''),
(2226, 0, 21, '0', '0', '0', '0', 'LULUS', ''),
(2227, 0, 21, '0', '0', '0', '0', 'LULUS', ''),
(2228, 0, 21, '0', '0', '0', '0', 'LULUS', ''),
(2229, 0, 21, '0', '0', '0', '0', 'LULUS', ''),
(2230, 0, 21, '0', '0', '0', '0', 'LULUS', ''),
(2231, 0, 21, '0', '0', '0', '0', 'LULUS', ''),
(2232, 0, 21, '0', '0', '0', '0', 'LULUS', ''),
(2233, 0, 21, '0', '0', '0', '0', 'LULUS', ''),
(2234, 0, 21, '0', '0', '0', '0', 'LULUS', ''),
(2235, 0, 21, '0', '0', '0', '0', 'LULUS', ''),
(2236, 0, 21, '0', '0', '0', '0', 'LULUS', ''),
(2237, 0, 21, '0', '0', '0', '0', 'LULUS', ''),
(2238, 0, 21, '0', '0', '0', '0', 'LULUS', ''),
(2239, 0, 21, '0', '0', '0', '0', 'LULUS', ''),
(2240, 0, 21, '0', '0', '0', '0', 'LULUS', ''),
(2241, 0, 21, '0', '0', '0', '0', 'LULUS', ''),
(2242, 0, 21, '0', '0', '0', '0', 'LULUS', ''),
(2243, 0, 21, '0', '0', '0', '0', 'LULUS', ''),
(2244, 0, 21, '0', '0', '0', '0', 'LULUS', ''),
(2245, 0, 21, '0', '0', '0', '0', 'LULUS', ''),
(2246, 0, 21, '0', '0', '0', '0', 'LULUS', ''),
(2247, 0, 21, '0', '0', '0', '0', 'LULUS', '');
INSERT INTO `hasil_ujian` (`id`, `id_ujian`, `id_siswa`, `benar`, `salah`, `kosong`, `skor`, `status`, `tgl`) VALUES
(2248, 0, 21, '0', '0', '0', '0', 'LULUS', ''),
(2249, 0, 21, '0', '0', '0', '0', 'LULUS', ''),
(2250, 0, 21, '0', '0', '0', '0', 'LULUS', ''),
(2251, 0, 21, '0', '0', '0', '0', 'LULUS', ''),
(2252, 0, 21, '0', '0', '0', '0', 'LULUS', ''),
(2253, 0, 21, '0', '0', '0', '0', 'LULUS', ''),
(2254, 0, 21, '0', '0', '0', '0', 'LULUS', ''),
(2255, 0, 21, '0', '0', '0', '0', 'LULUS', ''),
(2256, 0, 21, '0', '0', '0', '0', 'LULUS', ''),
(2257, 0, 21, '0', '0', '0', '0', 'LULUS', ''),
(2258, 0, 21, '0', '0', '0', '0', 'LULUS', ''),
(2259, 0, 21, '0', '0', '0', '0', 'LULUS', ''),
(2260, 0, 21, '0', '0', '0', '0', 'LULUS', ''),
(2261, 0, 21, '0', '0', '0', '0', 'LULUS', ''),
(2262, 0, 21, '0', '0', '0', '0', 'LULUS', ''),
(2263, 0, 21, '0', '0', '0', '0', 'LULUS', ''),
(2264, 0, 21, '0', '0', '0', '0', 'LULUS', ''),
(2265, 0, 21, '0', '0', '0', '0', 'LULUS', ''),
(2266, 0, 21, '0', '0', '0', '0', 'LULUS', ''),
(2267, 0, 21, '0', '0', '0', '0', 'LULUS', ''),
(2268, 0, 21, '0', '0', '0', '0', 'LULUS', ''),
(2269, 0, 21, '0', '0', '0', '0', 'LULUS', ''),
(2270, 0, 21, '0', '0', '0', '0', 'LULUS', ''),
(2271, 0, 21, '0', '0', '0', '0', 'LULUS', ''),
(2272, 0, 21, '0', '0', '0', '0', 'LULUS', ''),
(2273, 0, 21, '0', '0', '0', '0', 'LULUS', ''),
(2274, 0, 21, '0', '0', '0', '0', 'LULUS', ''),
(2275, 0, 21, '0', '0', '0', '0', 'LULUS', ''),
(2276, 0, 21, '0', '0', '0', '0', 'LULUS', ''),
(2277, 0, 21, '0', '0', '0', '0', 'LULUS', ''),
(2278, 0, 21, '0', '0', '0', '0', 'LULUS', ''),
(2279, 0, 21, '0', '0', '0', '0', 'LULUS', ''),
(2280, 0, 21, '0', '0', '0', '0', 'LULUS', ''),
(2281, 0, 21, '0', '0', '0', '0', 'LULUS', ''),
(2282, 0, 21, '0', '0', '0', '0', 'LULUS', ''),
(2283, 0, 21, '0', '0', '0', '0', 'LULUS', ''),
(2284, 0, 21, '0', '0', '0', '0', 'LULUS', ''),
(2285, 0, 21, '0', '0', '0', '0', 'LULUS', ''),
(2286, 0, 21, '0', '0', '0', '0', 'LULUS', ''),
(2287, 0, 21, '0', '0', '0', '0', 'LULUS', ''),
(2288, 0, 21, '0', '0', '0', '0', 'LULUS', ''),
(2289, 0, 21, '0', '0', '0', '0', 'LULUS', ''),
(2290, 0, 21, '0', '0', '0', '0', 'LULUS', ''),
(2291, 0, 21, '0', '0', '0', '0', 'LULUS', ''),
(2292, 0, 21, '0', '0', '0', '0', 'LULUS', ''),
(2293, 0, 21, '0', '0', '0', '0', 'LULUS', ''),
(2294, 0, 21, '0', '0', '0', '0', 'LULUS', ''),
(2295, 0, 21, '0', '0', '0', '0', 'LULUS', ''),
(2296, 0, 21, '0', '0', '0', '0', 'LULUS', ''),
(2297, 0, 21, '0', '0', '0', '0', 'LULUS', ''),
(2298, 0, 21, '0', '0', '0', '0', 'LULUS', ''),
(2299, 0, 21, '0', '0', '0', '0', 'LULUS', ''),
(2300, 0, 21, '0', '0', '0', '0', 'LULUS', ''),
(2301, 0, 21, '0', '0', '0', '0', 'LULUS', ''),
(2302, 0, 21, '0', '0', '0', '0', 'LULUS', ''),
(2303, 0, 21, '0', '0', '0', '0', 'LULUS', ''),
(2304, 0, 21, '0', '0', '0', '0', 'LULUS', ''),
(2305, 0, 21, '0', '0', '0', '0', 'LULUS', ''),
(2306, 0, 21, '0', '0', '0', '0', 'LULUS', ''),
(2307, 0, 21, '0', '0', '0', '0', 'LULUS', ''),
(2308, 0, 21, '0', '0', '0', '0', 'LULUS', ''),
(2309, 0, 21, '0', '0', '0', '0', 'LULUS', ''),
(2310, 0, 21, '0', '0', '0', '0', 'LULUS', ''),
(2311, 0, 21, '0', '0', '0', '0', 'LULUS', ''),
(2312, 0, 21, '0', '0', '0', '0', 'LULUS', ''),
(2313, 0, 21, '0', '0', '0', '0', 'LULUS', ''),
(2314, 0, 21, '0', '0', '0', '0', 'LULUS', ''),
(2315, 0, 21, '0', '0', '0', '0', 'LULUS', ''),
(2316, 0, 21, '0', '0', '0', '0', 'LULUS', ''),
(2317, 0, 21, '0', '0', '0', '0', 'LULUS', ''),
(2318, 0, 21, '0', '0', '0', '0', 'LULUS', ''),
(2319, 0, 21, '0', '0', '0', '0', 'LULUS', ''),
(2320, 0, 21, '0', '0', '0', '0', 'LULUS', ''),
(2321, 0, 21, '0', '0', '0', '0', 'LULUS', ''),
(2322, 0, 21, '0', '0', '0', '0', 'LULUS', ''),
(2323, 0, 21, '0', '0', '0', '0', 'LULUS', ''),
(2324, 0, 21, '0', '0', '0', '0', 'LULUS', ''),
(2325, 0, 21, '0', '0', '0', '0', 'LULUS', ''),
(2326, 0, 21, '0', '0', '0', '0', 'LULUS', ''),
(2327, 0, 21, '0', '0', '0', '0', 'LULUS', ''),
(2328, 0, 21, '0', '0', '0', '0', 'LULUS', ''),
(2329, 0, 21, '0', '0', '0', '0', 'LULUS', ''),
(2330, 0, 21, '0', '0', '0', '0', 'LULUS', ''),
(2331, 0, 21, '0', '0', '0', '0', 'LULUS', ''),
(2332, 0, 21, '0', '0', '0', '0', 'LULUS', ''),
(2333, 0, 21, '0', '0', '0', '0', 'LULUS', ''),
(2334, 0, 21, '0', '0', '0', '0', 'LULUS', ''),
(2335, 0, 21, '0', '0', '0', '0', 'LULUS', ''),
(2336, 0, 21, '0', '0', '0', '0', 'LULUS', ''),
(2337, 0, 21, '0', '0', '0', '0', 'LULUS', ''),
(2338, 0, 21, '0', '0', '0', '0', 'LULUS', ''),
(2339, 0, 21, '0', '0', '0', '0', 'LULUS', ''),
(2340, 0, 21, '0', '0', '0', '0', 'LULUS', ''),
(2341, 0, 21, '0', '0', '0', '0', 'LULUS', ''),
(2342, 0, 21, '0', '0', '0', '0', 'LULUS', ''),
(2343, 0, 21, '0', '0', '0', '0', 'LULUS', ''),
(2344, 0, 21, '0', '0', '0', '0', 'LULUS', ''),
(2345, 0, 21, '0', '0', '0', '0', 'LULUS', ''),
(2346, 0, 21, '0', '0', '0', '0', 'LULUS', ''),
(2347, 0, 21, '0', '0', '0', '0', 'LULUS', ''),
(2348, 0, 21, '0', '0', '0', '0', 'LULUS', ''),
(2349, 0, 21, '0', '0', '0', '0', 'LULUS', ''),
(2350, 0, 21, '0', '0', '0', '0', 'LULUS', ''),
(2351, 0, 21, '0', '0', '0', '0', 'LULUS', ''),
(2352, 0, 21, '0', '0', '0', '0', 'LULUS', ''),
(2353, 0, 21, '0', '0', '0', '0', 'LULUS', ''),
(2354, 0, 21, '0', '0', '0', '0', 'LULUS', ''),
(2355, 0, 21, '0', '0', '0', '0', 'LULUS', ''),
(2356, 0, 21, '0', '0', '0', '0', 'LULUS', ''),
(2357, 0, 21, '0', '0', '0', '0', 'LULUS', ''),
(2358, 0, 21, '0', '0', '0', '0', 'LULUS', ''),
(2359, 0, 21, '0', '0', '0', '0', 'LULUS', ''),
(2360, 0, 21, '0', '0', '0', '0', 'LULUS', ''),
(2361, 0, 21, '0', '0', '0', '0', 'LULUS', ''),
(2362, 0, 21, '0', '0', '0', '0', 'LULUS', ''),
(2363, 0, 21, '0', '0', '0', '0', 'LULUS', ''),
(2364, 0, 21, '0', '0', '0', '0', 'LULUS', ''),
(2365, 0, 21, '0', '0', '0', '0', 'LULUS', ''),
(2366, 0, 21, '0', '0', '0', '0', 'LULUS', ''),
(2367, 0, 21, '0', '0', '0', '0', 'LULUS', ''),
(2368, 0, 21, '0', '0', '0', '0', 'LULUS', ''),
(2369, 0, 21, '0', '0', '0', '0', 'LULUS', ''),
(2370, 0, 21, '0', '0', '0', '0', 'LULUS', ''),
(2371, 0, 21, '0', '0', '0', '0', 'LULUS', ''),
(2372, 0, 21, '0', '0', '0', '0', 'LULUS', ''),
(2373, 0, 21, '0', '0', '0', '0', 'LULUS', ''),
(2374, 0, 21, '0', '0', '0', '0', 'LULUS', ''),
(2375, 0, 21, '0', '0', '0', '0', 'LULUS', ''),
(2376, 0, 21, '0', '0', '0', '0', 'LULUS', ''),
(2377, 0, 21, '0', '0', '0', '0', 'LULUS', ''),
(2378, 0, 21, '0', '0', '0', '0', 'LULUS', ''),
(2379, 0, 21, '0', '0', '0', '0', 'LULUS', ''),
(2380, 0, 21, '0', '0', '0', '0', 'LULUS', ''),
(2381, 0, 21, '0', '0', '0', '0', 'LULUS', ''),
(2382, 0, 21, '0', '0', '0', '0', 'LULUS', ''),
(2383, 0, 21, '0', '0', '0', '0', 'LULUS', ''),
(2384, 0, 21, '0', '0', '0', '0', 'LULUS', ''),
(2385, 0, 21, '0', '0', '0', '0', 'LULUS', ''),
(2386, 0, 21, '0', '0', '0', '0', 'LULUS', ''),
(2387, 0, 21, '0', '0', '0', '0', 'LULUS', ''),
(2388, 0, 21, '0', '0', '0', '0', 'LULUS', ''),
(2389, 0, 21, '0', '0', '0', '0', 'LULUS', ''),
(2390, 0, 21, '0', '0', '0', '0', 'LULUS', ''),
(2391, 0, 21, '0', '0', '0', '0', 'LULUS', ''),
(2392, 0, 21, '0', '0', '0', '0', 'LULUS', ''),
(2393, 0, 21, '0', '0', '0', '0', 'LULUS', ''),
(2394, 0, 21, '0', '0', '0', '0', 'LULUS', ''),
(2395, 0, 21, '0', '0', '0', '0', 'LULUS', ''),
(2396, 0, 21, '0', '0', '0', '0', 'LULUS', ''),
(2397, 0, 21, '0', '0', '0', '0', 'LULUS', ''),
(2398, 0, 21, '0', '0', '0', '0', 'LULUS', ''),
(2399, 0, 21, '0', '0', '0', '0', 'LULUS', ''),
(2400, 0, 21, '0', '0', '0', '0', 'LULUS', ''),
(2401, 0, 21, '0', '0', '0', '0', 'LULUS', ''),
(2402, 0, 21, '0', '0', '0', '0', 'LULUS', ''),
(2403, 0, 21, '0', '0', '0', '0', 'LULUS', ''),
(2404, 0, 21, '0', '0', '0', '0', 'LULUS', ''),
(2405, 0, 21, '0', '0', '0', '0', 'LULUS', ''),
(2406, 0, 21, '0', '0', '0', '0', 'LULUS', ''),
(2407, 0, 21, '0', '0', '0', '0', 'LULUS', ''),
(2408, 0, 21, '0', '0', '0', '0', 'LULUS', ''),
(2409, 0, 21, '0', '0', '0', '0', 'LULUS', ''),
(2410, 0, 21, '0', '0', '0', '0', 'LULUS', ''),
(2411, 0, 21, '0', '0', '0', '0', 'LULUS', ''),
(2412, 0, 21, '0', '0', '0', '0', 'LULUS', ''),
(2413, 0, 21, '0', '0', '0', '0', 'LULUS', ''),
(2414, 0, 21, '0', '0', '0', '0', 'LULUS', ''),
(2415, 0, 21, '0', '0', '0', '0', 'LULUS', ''),
(2416, 28, 21, '1', '0', '0', '10', 'TIDAK_LULUS', '2016-12-19'),
(2417, 25, 21, '3', '0', '0', '30', 'TIDAK_LULUS', '2016-12-19');

-- --------------------------------------------------------

--
-- Table structure for table `jadwal`
--

CREATE TABLE IF NOT EXISTS `jadwal` (
  `id` int(100) NOT NULL AUTO_INCREMENT,
  `id_ujian` int(100) NOT NULL,
  `id_kelas` int(100) NOT NULL,
  `tgl` date NOT NULL,
  PRIMARY KEY (`id`)
) ENGINE=MyISAM  DEFAULT CHARSET=latin1 AUTO_INCREMENT=36 ;

--
-- Dumping data for table `jadwal`
--

INSERT INTO `jadwal` (`id`, `id_ujian`, `id_kelas`, `tgl`) VALUES
(30, 25, 15, '2016-12-19'),
(34, 28, 15, '2016-12-19'),
(33, 27, 15, '2016-12-19'),
(31, 20, 15, '2016-12-19'),
(29, 19, 15, '2016-12-19'),
(32, 26, 15, '2016-12-19');

-- --------------------------------------------------------

--
-- Table structure for table `jurusan`
--

CREATE TABLE IF NOT EXISTS `jurusan` (
  `id` int(10) NOT NULL AUTO_INCREMENT,
  `nama_jurusan` varchar(100) NOT NULL,
  PRIMARY KEY (`id`),
  UNIQUE KEY `nama_jurusan` (`nama_jurusan`)
) ENGINE=MyISAM  DEFAULT CHARSET=latin1 AUTO_INCREMENT=28 ;

--
-- Dumping data for table `jurusan`
--

INSERT INTO `jurusan` (`id`, `nama_jurusan`) VALUES
(24, 'Server II'),
(23, 'server I');

-- --------------------------------------------------------

--
-- Table structure for table `kelas`
--

CREATE TABLE IF NOT EXISTS `kelas` (
  `id` int(10) NOT NULL AUTO_INCREMENT,
  `id_jurusan` int(10) NOT NULL,
  `nama_kelas` varchar(100) NOT NULL,
  PRIMARY KEY (`id`)
) ENGINE=MyISAM  DEFAULT CHARSET=latin1 AUTO_INCREMENT=20 ;

--
-- Dumping data for table `kelas`
--

INSERT INTO `kelas` (`id`, `id_jurusan`, `nama_kelas`) VALUES
(9, 1, 'II'),
(2, 3, 'II'),
(5, 6, 'II'),
(4, 12, 'III'),
(6, 1, 'I'),
(7, 2, 'I'),
(16, 23, 'II'),
(15, 23, 'I'),
(13, 22, 'II'),
(17, 24, 'I'),
(18, 24, 'II'),
(19, 26, 'I');

-- --------------------------------------------------------

--
-- Table structure for table `matpel`
--

CREATE TABLE IF NOT EXISTS `matpel` (
  `id` int(10) NOT NULL AUTO_INCREMENT,
  `id_kelas` int(10) NOT NULL,
  `nama_matpel` varchar(100) NOT NULL,
  `kkm` varchar(100) NOT NULL,
  PRIMARY KEY (`id`)
) ENGINE=MyISAM  DEFAULT CHARSET=latin1 AUTO_INCREMENT=23 ;

--
-- Dumping data for table `matpel`
--

INSERT INTO `matpel` (`id`, `id_kelas`, `nama_matpel`, `kkm`) VALUES
(14, 15, 'Sosial', '60'),
(22, 16, 'Education', '70'),
(20, 16, 'Sport', '70'),
(19, 15, 'Sport', '60'),
(21, 15, 'Education', '60'),
(18, 16, 'Sosial', '70');

-- --------------------------------------------------------

--
-- Table structure for table `pages`
--

CREATE TABLE IF NOT EXISTS `pages` (
  `id` int(10) NOT NULL AUTO_INCREMENT,
  `type` int(10) NOT NULL,
  `nama` varchar(100) NOT NULL,
  `file` varchar(100) NOT NULL,
  PRIMARY KEY (`id`)
) ENGINE=MyISAM  DEFAULT CHARSET=latin1 AUTO_INCREMENT=10 ;

--
-- Dumping data for table `pages`
--

INSERT INTO `pages` (`id`, `type`, `nama`, `file`) VALUES
(1, 1, 'Admin', 'master_admin.php'),
(3, 1, 'Member', 'master_siswa.php'),
(4, 2, 'Server', 'master_jurusan.php'),
(5, 2, 'Level', 'master_kelas.php'),
(6, 2, 'Kategori', 'master_matpel.php'),
(7, 3, 'Ujian', 'master_ujian.php'),
(8, 3, 'Bank Soal', 'master_soal.php'),
(9, 3, 'Jadwal', 'master_jadwal.php');

-- --------------------------------------------------------

--
-- Table structure for table `page_type`
--

CREATE TABLE IF NOT EXISTS `page_type` (
  `id` int(10) NOT NULL,
  `page_type` varchar(100) NOT NULL,
  PRIMARY KEY (`id`)
) ENGINE=MyISAM DEFAULT CHARSET=latin1;

--
-- Dumping data for table `page_type`
--

INSERT INTO `page_type` (`id`, `page_type`) VALUES
(1, 'User'),
(2, 'Scope'),
(3, 'Data Ujian');

-- --------------------------------------------------------

--
-- Table structure for table `siswa`
--

CREATE TABLE IF NOT EXISTS `siswa` (
  `id` int(10) NOT NULL AUTO_INCREMENT,
  `nis` int(100) NOT NULL,
  `nama_siswa` varchar(100) NOT NULL,
  `password` varchar(100) NOT NULL,
  `id_kelas` int(10) NOT NULL,
  `email` varchar(100) NOT NULL,
  PRIMARY KEY (`id`)
) ENGINE=MyISAM  DEFAULT CHARSET=latin1 AUTO_INCREMENT=30 ;

--
-- Dumping data for table `siswa`
--

INSERT INTO `siswa` (`id`, `nis`, `nama_siswa`, `password`, `id_kelas`, `email`) VALUES
(22, 3, '3', 'eccbc87e4b5ce2fe28308fd9f2a7baf3', 15, ''),
(19, 444, '4444', 'dbc4d84bfcfe2284ba11beffb853a8c4', 15, '444@444'),
(20, 1, '1', 'c4ca4238a0b923820dcc509a6f75849b', 15, ''),
(21, 2, '2', 'c81e728d9d4c2f636f067f89cc14862c', 15, ''),
(17, 1111, 'Mustofa', 'b59c67bf196a4758191e42f76670ceba', 15, ''),
(18, 123, 'eko', '2be72ff7dd6ae6967b32c5e04cee7a8c', 15, ''),
(23, 4, '4', 'a87ff679a2f3e71d9181a67b7542122c', 15, '4'),
(24, 5, '5', 'e4da3b7fbbce2345d7772b0674a318d5', 15, '5'),
(25, 6, '6', '1679091c5a880faf6fb5e6087eb1b2dc', 15, '6'),
(26, 8, '8', 'c9f0f895fb98ab9159f51fd0297e236d', 15, '8'),
(27, 9, '9', '45c48cce2e2d7fbdea1afc51c7c6ad26', 15, '9'),
(28, 11, '11', '6512bd43d9caa6e02c990b0a82652dca', 15, '11'),
(29, 7, 'tofa', '8f14e45fceea167a5a36dedd4bea2543', 15, '7');

-- --------------------------------------------------------

--
-- Table structure for table `title`
--

CREATE TABLE IF NOT EXISTS `title` (
  `id` int(10) NOT NULL AUTO_INCREMENT,
  `title` varchar(100) NOT NULL,
  `brand` varchar(100) NOT NULL,
  PRIMARY KEY (`id`)
) ENGINE=MyISAM  DEFAULT CHARSET=latin1 AUTO_INCREMENT=2 ;

--
-- Dumping data for table `title`
--

INSERT INTO `title` (`id`, `title`, `brand`) VALUES
(1, '', '');

-- --------------------------------------------------------

--
-- Table structure for table `ujian`
--

CREATE TABLE IF NOT EXISTS `ujian` (
  `id` int(10) NOT NULL AUTO_INCREMENT,
  `id_matpel` int(10) NOT NULL,
  `nama_ujian` varchar(100) NOT NULL,
  `id_guru` int(10) NOT NULL,
  `text_pembuka` varchar(1000) NOT NULL,
  `waktu` int(100) NOT NULL,
  `tgl_input` date NOT NULL,
  `jml_soal` int(10) NOT NULL,
  PRIMARY KEY (`id`)
) ENGINE=MyISAM  DEFAULT CHARSET=latin1 AUTO_INCREMENT=30 ;

--
-- Dumping data for table `ujian`
--

INSERT INTO `ujian` (`id`, `id_matpel`, `nama_ujian`, `id_guru`, `text_pembuka`, `waktu`, `tgl_input`, `jml_soal`) VALUES
(19, 14, 'Sosial Lv1', 0, 'Selamat Mengerjakan', 15, '2016-12-14', 10),
(20, 18, 'Sosial Lv2', 0, 'Selamat Mengerjakan', 15, '2016-12-14', 10),
(28, 22, 'Education Lv2', 0, 'Selamat Mengerjakan', 15, '2016-12-19', 10),
(27, 21, 'Education Lv1', 0, 'Selamat Mengerjakan', 15, '2016-12-19', 10),
(26, 20, 'Sport Lv2', 0, 'Selamat Mengerjakan', 15, '2016-12-19', 10),
(25, 19, 'Sport Lv1', 0, 'Selamat Mengerjakan', 15, '2016-12-19', 10);

/*!40101 SET CHARACTER_SET_CLIENT=@OLD_CHARACTER_SET_CLIENT */;
/*!40101 SET CHARACTER_SET_RESULTS=@OLD_CHARACTER_SET_RESULTS */;
/*!40101 SET COLLATION_CONNECTION=@OLD_COLLATION_CONNECTION */;
